entidade_id,logradouro,numero,cep,localidade,municipio,estado
9bc9af36-9a92-4e5d-9ec4-14a12854239e,R. CONDE DOS ARCOS,996,81010-120,LINDÓIA,Curitiba,PR
50ac8e8e-2172-4fae-a318-21890a6a0525,R. VICTOR HUGO,608,81010-130,LINDÓIA,Curitiba,PR
45035fcb-ca83-4f0c-8bd5-0c888e36ce96,R. MARECHAL HERMES,300,80530-230,LINDÓIA,Curitiba,PR
8a13e3cf-68ef-4517-bb1b-23273b9b925e,AV. PRESIDENTE WENCESLAU BRAZ,1893,81010-000,LINDÓIA,Curitiba,PR
53bcc08a-534d-439c-a50a-f5eaec27bd2f,AV. PRESIDENTE WENCESLAU BRAZ,1893,81010-000,LINDÓIA,Curitiba,PR
f57109b8-ef62-43b5-a8ab-ce537b96a1a6,R. JOSINA RAMOS RÉGIO,365,81010-210,LINDÓIA,Curitiba,PR
c595268a-7dca-46bc-9b3a-f74424558bb6,AV. HENRY FORD,866,81010-100,LINDÓIA,Curitiba,PR
8531a8ad-5437-40e5-892f-7c843be7e393,R. DJALMA FERREIRA MACIEL,1096,81010-270,LINDÓIA,Curitiba,PR
bc7ad1aa-aeab-4afc-a9f9-bc7def445cfc,AV. PRESIDENTE WENCESLAU BRAZ,2065,81010-000,LINDÓIA,Curitiba,PR
2c1795c4-54b0-4e69-a41b-8b3c16eb409f,R. EMILE ZOLA,465,81010-260,LINDÓIA,Curitiba,PR
49a8834a-dc02-4968-b257-8e74633c533e,R. SANTA JOANA DARC,852,81010-190,LINDÓIA,Curitiba,PR
c7b79c91-7661-4957-9d53-25fe7126e065,R. CONDE DOS ARCOS,438,81010-120,LINDÓIA,Curitiba,PR
bafdf4d9-47a6-4d52-b87f-d57111e81b66,R. CONDE DOS ARCOS,11,81010-120,LINDÓIA,Curitiba,PR
3ddb0d54-f10d-4061-93e4-49945faa6bd0,R. CAPITÃO JOÃO ZALESKI,534,81010-080,LINDÓIA,Curitiba,PR
03b0073b-5fe9-4b28-8ec5-f949203577d1,AV. HENRY FORD,2202,81010-100,LINDÓIA,Curitiba,PR
dbd54dbd-325a-4d13-b7d2-53cc566e4d37,AV. PRESIDENTE WENCESLAU BRAZ,1893,81010-000,LINDÓIA,Curitiba,PR
6032cd2e-4d22-40ba-99b7-0d4c320e235e,AV. PRESIDENTE WENCESLAU BRAZ,2453,81010-000,LINDÓIA,Curitiba,PR
0fe435d9-6a2f-4f8d-9f5d-73d01cd287ee,AV. SANTA BERNADETHE,690,81010-200,LINDÓIA,Curitiba,PR
123dca46-86a7-400e-86b0-251fcb8042d9,AV. PRESIDENTE WENCESLAU BRAZ,1893,81010-000,LINDÓIA,Curitiba,PR
3ac3f5a7-5c2c-4d2e-869e-b3290689d54f,R. TOMÉ DE SOUZA,67,81010-010,LINDÓIA,Curitiba,PR
e6b6a1f5-339b-43e1-b717-d9d2a07d2b8d,R. AMÉRICO VESPÚCIO,373,81010-250,LINDÓIA,Curitiba,PR
38bbfe2f-dab1-48e4-b775-13b29dbb8dd9,R. GALILEU GALILEI,824,81010-180,LINDÓIA,Curitiba,PR
71934512-64e0-444b-a58e-2c6cd96e2e30,R. CAPITÃO JOÃO ZALESKI,1435,81010-080,LINDÓIA,Curitiba,PR
d1fa9872-0e9f-4c31-84e5-cefb0cdc6313,AV. PRESIDENTE WENCESLAU BRAZ,2383,81010-000,LINDÓIA,Curitiba,PR
b9efb1b8-1793-4d0f-a2e9-e9e7c3579e5c,R. DUARTE DA COSTA,612,81010-060,LINDÓIA,Curitiba,PR
db0ad27d-b5e0-40c9-b562-29e41275a8be,R. MEM DE SÁ,543,81010-110,LINDÓIA,Curitiba,PR
858787ad-e142-4ef9-a647-818fdef575b0,R. SANTA JOANA DARC,292,81010-190,LINDÓIA,Curitiba,PR
edb58a0f-e93a-40d5-acae-320be52f985a,AV. SANTA BERNADETHE,690,81010-200,LINDÓIA,Curitiba,PR
bf4c6b0a-f055-454a-be6a-3c825d32d9de,R. CAPITÃO JOÃO ZALESKI,474,81010-080,LINDÓIA,Curitiba,PR
841d64dd-0af7-4d8c-8426-98a6556177a2,R. LEON TOLSTOI,508,81010-090,LINDÓIA,Curitiba,PR
b9532970-3033-482c-b447-1c7fda6cacea,R. AMÉRICO VESPÚCIO,636,81010-250,LINDÓIA,Curitiba,PR
6b29e33a-2dec-4766-b29d-a87522a5e83d,AV. HENRY FORD,1848,81010-100,LINDÓIA,Curitiba,PR
d9909b6f-ad11-4603-a5e5-82aa464207e6,R. AMÉRICO VESPÚCIO,636,81010-250,LINDÓIA,Curitiba,PR
5f55f553-a76d-4196-a620-bd5d32e78231,R. LEON TOLSTOI,955,81010-090,LINDÓIA,Curitiba,PR
5337022f-6c5d-4405-8184-605ff4d94926,R. MEM DE SÁ,129,81010-110,LINDÓIA,Curitiba,PR
a53cac59-f2ac-414a-9ee1-dd66aec6607d,R. CAPITÃO JOÃO ZALESKI,842,81010-080,LINDÓIA,Curitiba,PR
ac63b1ff-c2e9-4d15-9119-4ad2cdbd635b,R. OSCAR WILDE,670,81010-230,LINDÓIA,Curitiba,PR
44679b91-d482-4c8b-a3c3-a9c746fa3c39,R. CAPITÃO JOÃO ZALESKI,1299,81010-080,LINDÓIA,Curitiba,PR
c54c022d-4ec5-420f-8857-0c38386565c1,R. JOSINA RAMOS RÉGIO,872,81010-210,LINDÓIA,Curitiba,PR
e52ef590-2b58-4d73-b75d-694e10e3cd6d,R. GALILEU GALILEI,432,81010-180,LINDÓIA,Curitiba,PR
56d263f3-7081-4d09-8f88-c76525874af9,AV. PRESIDENTE WENCESLAU BRAZ,1893,81010-000,LINDÓIA,Curitiba,PR
4cbdf9e8-2306-4f37-a750-f5f43dbc1197,AV. PRESIDENTE WENCESLAU BRAZ,2625,81010-000,LINDÓIA,Curitiba,PR
252d2cba-8f77-4e20-9672-2fff1a3c4a73,R. SANTA JOANA DARC,291,81010-190,LINDÓIA,Curitiba,PR
be3407ff-24dd-4b50-932a-3fd8667fd4ae,R. GALILEU GALILEI,337,81010-180,LINDÓIA,Curitiba,PR
52966528-0063-48e9-9010-be69a3bb9b4a,R. SANTA JOANA DARC,184,81010-190,LINDÓIA,Curitiba,PR
f8a4f2ff-4f68-402d-b45d-1852e6d08bf4,R. CONDE DOS ARCOS,1325,81010-120,LINDÓIA,Curitiba,PR
c93a1221-74f4-4987-aac2-5c283e458151,AV. SANTA BERNADETHE,868,81010-200,LINDÓIA,Curitiba,PR
9892d151-9061-446f-9ab4-a49f716d152a,R. ROBERTO KOCH,232,81010-220,LINDÓIA,Curitiba,PR
dd446732-c122-43e8-a004-50d83b6eae4d,AV. PRESIDENTE WENCESLAU BRAZ,1893,81010-000,LINDÓIA,Curitiba,PR
3c4faaa1-bf08-4825-a866-b04d9feb960e,R. LEON TOLSTOI,1254,81010-090,LINDÓIA,Curitiba,PR
02e5ccc0-0dc8-4bb7-ae0d-0663321eebc2,AV. SANTA BERNADETHE,690,81010-200,LINDÓIA,Curitiba,PR
0a4655ef-7bd0-493e-8cbe-17016eca0f9d,R. EMILE ZOLA,538,81010-260,LINDÓIA,Curitiba,PR
e2cc51f3-290d-4cb0-8413-d209ac5e8923,AV. PRESIDENTE WENCESLAU BRAZ,2907,81010-001,LINDÓIA,Curitiba,PR
7d6c3188-e44c-4502-b07a-2a82a798cdee,R. ROBERTO KOCH,187,81010-220,LINDÓIA,Curitiba,PR
8530daec-6eab-4ca7-9822-fd38163084dd,AV. PRESIDENTE WENCESLAU BRAZ,1361,81010-000,LINDÓIA,Curitiba,PR
7d34aebe-beb1-424f-8372-fbcb7cddc981,R. LEON TOLSTOI,301,81010-090,LINDÓIA,Curitiba,PR
f3418f27-ae9d-4f7d-82a5-142385ff8354,AV. SANTA BERNADETHE,690,81010-200,LINDÓIA,Curitiba,PR
8d9e4822-3272-4f8d-83ec-dce69717b876,R. AMÉRICO VESPÚCIO,361,81010-250,LINDÓIA,Curitiba,PR
8008da00-b3ed-46e8-81e9-51a855e974fb,R. EMILE ZOLA,191,81010-260,LINDÓIA,Curitiba,PR
8bd09f9b-14bd-4462-81c1-5ddbc3fdd093,AV. PRESIDENTE WENCESLAU BRAZ,1893,81010-000,LINDÓIA,Curitiba,PR
10dc080c-2c20-4f6f-a5f7-48f0e6ad5094,R. GALILEU GALILEI,512,81010-180,LINDÓIA,Curitiba,PR
2bbdfb71-79a1-4c3e-af37-c624c50a8058,AV. HENRY FORD,3030,,LINDÓIA,Curitiba,PR
5cae4fbd-011b-401e-bbea-ab18913ed9d9,AV. PRESIDENTE WENCESLAU BRAZ,2371,81010-000,LINDÓIA,Curitiba,PR
0b4e90c4-eaaf-4a92-9b03-681b7eedcdee,R. VICTOR HUGO,609,81010-130,LINDÓIA,Curitiba,PR
c50ef1ff-fab2-49d9-a67b-0594b63660bb,R. CAPITÃO JOÃO ZALESKI,967,81010-080,LINDÓIA,Curitiba,PR
e5a56bb3-59e1-45e5-9270-370a119b9995,R. EMILE ZOLA,91,81010-260,LINDÓIA,Curitiba,PR
3886d9ea-526c-431c-9302-6e077ea10e1c,R. MEM DE SÁ,580,81010-110,LINDÓIA,Curitiba,PR
4a42e48f-133d-4140-a369-84ca8b0c0aa7,R. EMILE ZOLA,126,81010-260,LINDÓIA,Curitiba,PR
20963ffa-16b2-4fea-8666-1b807d39b2e3,R. JOSINA RAMOS RÉGIO,15,81010-230,LINDÓIA,Curitiba,PR
92649ee3-faa4-42d1-91b3-ab52a598aa79,R. CONDE DOS ARCOS,204,81010-120,LINDÓIA,Curitiba,PR
cd60da19-0d7e-4625-bf0b-8c109d29a4f4,AV. PRESIDENTE WENCESLAU BRAZ,2035,81010-000,LINDÓIA,Curitiba,PR
65e9eef2-b3eb-43d9-9133-54489323261c,R. PROFESSOR OSCAR KOLBE,218,81010-240,LINDÓIA,Curitiba,PR
76d6ea84-9650-40c4-a7ef-b94204c65b90,AV. PRESIDENTE WENCESLAU BRAZ,2007,81010-000,LINDÓIA,Curitiba,PR
f00e36d3-5ce9-4d22-83bc-4e5b355c1830,R. ALEIXO BETTEGA,371,81010-280,LINDÓIA,Curitiba,PR
b0c8a7d7-03aa-4d90-9fb8-224a98b30d6c,R. PROFESSOR OSCAR KOLBE,218,81010-240,LINDÓIA,Curitiba,PR
1c470559-d4d4-4587-9186-202b01a5db84,R. ROBERTO KOCH,757,81010-220,LINDÓIA,Curitiba,PR
669d37d1-38a0-4379-a5c2-be05228c9b4a,R. ROBERTO KOCH,331,81010-220,LINDÓIA,Curitiba,PR
1c5699a1-91ce-43ea-abe1-b26624679217,R. SANTA JOANA DARC,134,81010-190,LINDÓIA,Curitiba,PR
77854088-af73-470a-a692-a94a56d34913,R. LEON TOLSTOI,26,81010-090,LINDÓIA,Curitiba,PR
4d26833f-aa01-454e-bb46-82f349f6a62b,R. EMILE ZOLA,273,81010-260,LINDÓIA,Curitiba,PR
61729d05-48a1-48a4-a23a-d07e28d20edc,R. ALEIXO BETTEGA,891,81020-040,LINDÓIA,Curitiba,PR
20240f2e-c7e2-4142-8993-a4c4776c60de,R. NICOLAU SERRATO SOBRINHO,1316,81010-400,LINDÓIA,Curitiba,PR
f4cc8fe8-5a08-4209-8219-849d8957f3da,AV. SANTA BERNADETHE,1401,81010-200,LINDÓIA,Curitiba,PR
093233f9-760c-42fb-a4fc-eb85d2939212,R. TOMÉ DE SOUZA,67,81010-010,LINDÓIA,Curitiba,PR
dbf75e8c-d356-42eb-addc-c7393972869c,AV. PRESIDENTE WENCESLAU BRAZ,1255,81010-000,LINDÓIA,Curitiba,PR
e23046dc-48f3-42c3-86be-5630beb38b50,R. ANTERO DE QUENTAL,346,81010-150,LINDÓIA,Curitiba,PR
384d1ca9-76f6-4615-b444-3388f8865ffa,AV. SANTA BERNADETHE,1032,81010-200,LINDÓIA,Curitiba,PR
10afeed4-e0f8-48f9-a093-2e84113a946e,R. LEON TOLSTOI,833,81010-090,LINDÓIA,Curitiba,PR
ac0b3e0f-0566-4680-8796-86215498aa8c,R. ALEIXO BETTEGA,549,81010-280,LINDÓIA,Curitiba,PR
4a863602-bf72-4694-bd1e-e2af9f3a0c7a,R. ROBERTO KOCH,187,81010-220,LINDÓIA,Curitiba,PR
8f658b2b-c179-4d6a-83a6-6eff75e7fd01,R. CONDE DOS ARCOS,1317,81010-120,LINDÓIA,Curitiba,PR
c23c70da-6b9d-4d1c-84be-f25210932d7e,R. CAMILO CASTELO BRANCO,584,81010-170,LINDÓIA,Curitiba,PR
8da7db6a-9a04-4f25-9bc4-71f980beeb65,R. DJALMA FERREIRA MACIEL,535,81010-270,LINDÓIA,Curitiba,PR
51ad2a8d-e2e9-4d18-950a-bcaa68f4fe9c,AV. HENRY FORD,1210,81010-100,LINDÓIA,Curitiba,PR
3c40a38e-1f70-4db0-b2c4-9871d2eaebdf,AV. PRESIDENTE WENCESLAU BRAZ,1267,81010-000,LINDÓIA,Curitiba,PR
28659633-4a13-49e3-b78c-b279f16c2045,AV. PRESIDENTE WENCESLAU BRAZ,2035,81010-000,LINDÓIA,Curitiba,PR
a7e95fb2-1dfd-4906-9d45-2acca03bb29e,R. ROBERTO KOCH,626,81010-220,LINDÓIA,Curitiba,PR
4ebdd947-1416-4d8b-8256-478dcf7aef0a,R. CAPITÃO JOÃO ZALESKI,1874,81010-080,LINDÓIA,Curitiba,PR
21de3584-bd66-4142-8f25-383b1691bd40,AV. SANTA BERNADETHE,690,81010-200,LINDÓIA,Curitiba,PR
8ec4f4be-af16-48d4-8a29-f50b3559aa24,R. LEON TOLSTOI,1180,81010-090,LINDÓIA,Curitiba,PR
7bb74128-50c2-488d-bf4f-eca2750cc844,AV. PRESIDENTE WENCESLAU BRAZ,1893,81010-000,LINDÓIA,Curitiba,PR
7acf0ae0-a1ff-40f6-b49e-11245612833d,R. SANTA JOANA DARC,449,81010-190,LINDÓIA,Curitiba,PR
bcf17a65-2b0c-4243-8aa1-3bb9a132230c,R. DJALMA FERREIRA MACIEL,883,80010-270,LINDÓIA,Curitiba,PR
2486c963-76f0-44a1-a755-654deee1f3b0,AV. SANTA BERNADETHE,690,81010-200,LINDÓIA,Curitiba,PR
59bd0aec-b43d-46ad-bb30-9d7e61fe41cf,R. CAPITÃO JOÃO ZALESKI,842,81010-080,LINDÓIA,Curitiba,PR
29780014-5ca1-48e8-85a8-9d62a5d5294d,AV. PRESIDENTE WENCESLAU BRAZ,1172,81010-000,LINDÓIA,Curitiba,PR
babb34b5-4c1e-4e46-a16e-3ea733659026,AV. PRESIDENTE WENCESLAU BRAZ,2425,81010-000,LINDÓIA,Curitiba,PR
4f98a261-fbf7-4d85-a4e4-c43f58057179,R. OSCAR WILDE,816,81010-230,LINDÓIA,Curitiba,PR
7f60b9dc-089d-46aa-9c26-b0fa5978de38,R. ANTERO DE QUENTAL,248,81010-150,LINDÓIA,Curitiba,PR
727f3241-f18d-4eb5-9f78-5e673ca0de72,R. CAMILO CASTELO BRANCO,366,81010-170,LINDÓIA,Curitiba,PR
f3c869a4-3b22-4f49-bb79-a6c8b93fa5e9,R. TOMÉ DE SOUZA,38,81010-010,LINDÓIA,Curitiba,PR
f59fefd3-65c7-4626-9197-de4599b59e37,AV. SANTA BERNADETHE,1870,81030-270,LINDÓIA,Curitiba,PR
d7a76673-00c9-49be-810c-8d5358f42d13,R. CAPITÃO JOÃO ZALESKI,681,81010-080,LINDÓIA,Curitiba,PR
3706203c-1f81-4211-8d17-e50a103bbc3b,R. CONDE DOS ARCOS,1095,81010-120,LINDÓIA,Curitiba,PR
28b1ba33-4a9f-4c1f-aa9e-1b80dea2db04,R. ILDEFONSO STOCKLER DE FRANÇA,931,81020-040,LINDÓIA,Curitiba,PR
f2576a4b-7ed1-44fe-be88-0d478194aaaf,R. ANTERO DE QUENTAL,346,81010-150,LINDÓIA,Curitiba,PR
79fbc1e0-9b47-40dd-b2c9-7a0065457d98,R. DJALMA FERREIRA MACIEL,351,81010-270,LINDÓIA,Curitiba,PR
2e211436-3895-4c8f-ace9-9aa842b3ce23,R. CONDE DOS ARCOS,520,81010-120,LINDÓIA,Curitiba,PR
633dcf98-ac2e-43dd-a45e-73f2e2d09884,AV. SANTA BERNADETHE,690,81010-200,LINDÓIA,Curitiba,PR
61619593-b693-4d6f-ab7f-632698f3b417,R. ALFREDO MAZZA,33,81010-160,LINDÓIA,Curitiba,PR
fff87f97-9307-4bc7-9317-9afc65caec65,R. LEON TOLSTOI,443,81010-090,LINDÓIA,Curitiba,PR
4bdeedb6-b0f6-42a7-b604-4f3c9a443e3f,AV. SANTA BERNADETHE,690,81010-200,LINDÓIA,Curitiba,PR
8d8cb7db-d7eb-41e4-aeae-121fba967d81,R. AMÉRICO VESPÚCIO,178,81010-250,LINDÓIA,Curitiba,PR
1efc5c00-3157-4609-87e3-f9f5c0a8c55c,R. AMÉRICO VESPÚCIO,579,81010-250,LINDÓIA,Curitiba,PR
bc71233d-1ca1-4632-bef4-a232398a1735,R. PROFESSOR OSCAR KOLBE,235,81010-240,LINDÓIA,Curitiba,PR
c76b4686-2ff3-4eeb-aaf6-e55b4a7a7d21,R. LEON TOLSTOI,460,81010-090,LINDÓIA,Curitiba,PR
03b5882b-c99c-4885-aad8-d5e10ef6907f,R. AMÉRICO VESPÚCIO,305,81010-250,LINDÓIA,Curitiba,PR
9c6afe05-3247-40aa-a971-6d9aaff5e62b,AV. PRESIDENTE WENCESLAU BRAZ,1229,81010-000,LINDÓIA,Curitiba,PR
bc5b37cc-c498-4cdf-953c-e399a0683444,R. ROBERTO KOCH,332,81010-220,LINDÓIA,Curitiba,PR
4a350f67-99ed-4658-b8ef-6bfb7724cca8,R. AMÉRICO VESPÚCIO,833,81010-250,LINDÓIA,Curitiba,PR
74b6a9e2-54f7-4f8d-9228-41498a6f244b,AV. SANTA BERNADETHE,690,81010-200,LINDÓIA,Curitiba,PR
f63d04eb-dab3-4ce4-9970-7d46b50a484b,R. CAPITÃO JOÃO ZALESKI,1091,81010-080,LINDÓIA,Curitiba,PR
c68c911d-c3d7-4069-a3e0-9a8e1a748db7,AV. PRESIDENTE WENCESLAU BRAZ,1893,81010-000,LINDÓIA,Curitiba,PR
a4028dc8-6285-4925-a119-772c8138b27b,AV. PRESIDENTE WENCESLAU BRAZ,1893,81010-000,LINDÓIA,Curitiba,PR
2bfb920c-abb6-4923-9860-4d5b902464fd,AV. PRESIDENTE WENCESLAU BRAZ,2485,81010-000,LINDÓIA,Curitiba,PR
0b83d770-f96b-41b8-a5e4-b90e4ed057a0,R. MEM DE SÁ,840,81010-110,LINDÓIA,Curitiba,PR
6e05fdf1-8d8f-4ff6-9f45-bcc16df57a4f,R. PROFESSOR OSCAR KOLBE,410,81010-240,LINDÓIA,Curitiba,PR
5ee96496-ff04-443c-bc66-b28bc1b993ed,R. AMÉRICO VESPÚCIO,729,81010-250,LINDÓIA,Curitiba,PR
0ec05cf6-771e-41ea-ba45-5ab7c0874d4c,AV. PRESIDENTE WENCESLAU BRAZ,1605,81010-000,LINDÓIA,Curitiba,PR
096458f9-f674-48c6-a34d-f2e1b933a54d,AV. PRESIDENTE WENCESLAU BRAZ,2221,81010-000,LINDÓIA,Curitiba,PR
14cd7ef3-111d-445a-8aaa-781e32805c67,AV. PRESIDENTE WENCESLAU BRAZ,2535,81010-000,LINDÓIA,Curitiba,PR
1639cf8d-182d-4a60-ae75-d756ec703e10,R. AMÉRICO VESPÚCIO,833,81010-250,LINDÓIA,Curitiba,PR
5a37e42e-fb56-40f5-9dfe-8876400667ab,AV. PRESIDENTE WENCESLAU BRAZ,1243,81010-000,LINDÓIA,Curitiba,PR
7c980a91-1447-4c62-a80c-0fef2c9bff3b,R. DJALMA FERREIRA MACIEL,327,81010-270,LINDÓIA,Curitiba,PR
3ae209f8-e479-4af2-bd84-c08643a84290,R. CAPITÃO JOÃO ZALESKI,1104,81010-080,LINDÓIA,Curitiba,PR
d65a51dc-40dc-469d-9092-22b9e2594dc4,R. AMÉRICO VESPÚCIO,636,81010-250,LINDÓIA,Curitiba,PR
f54b21f9-0548-444f-bfda-74e24d01de07,R. SANTA JOANA DARC,134,81010-190,LINDÓIA,Curitiba,PR
46b15c81-627d-4685-8cf8-dd8a174c0886,R. AMÉRICO VESPÚCIO,427,81010-250,LINDÓIA,Curitiba,PR
53f7605d-5b49-4ffa-9914-d0a25a53ae42,R. OSCAR WILDE,11,81010-230,LINDÓIA,Curitiba,PR
ee79f9a2-2c9c-470a-a605-a9bcd8c955cd,AV. PRESIDENTE WENCESLAU BRAZ,2967,81010-001,LINDÓIA,Curitiba,PR
6f345ea2-e813-46c6-b997-72adaa629ee1,R. AMÉRICO VESPÚCIO,187,81010-250,LINDÓIA,Curitiba,PR
892d3258-b7cf-4827-b5e2-a1cc911033fb,R. DJALMA FERREIRA MACIEL,352,81010-270,LINDÓIA,Curitiba,PR
2e361f32-bd69-46b1-bc39-5e6e15c5b69f,AV. SANTA BERNADETHE,1385,81010-200,LINDÓIA,Curitiba,PR
3d172593-b8b6-4a4f-83a1-e29a51394c07,R. CONDE DOS ARCOS,450,81010-120,LINDÓIA,Curitiba,PR
fabdc92d-2afa-4263-87c7-22b9c1afd0ef,AV. HENRY FORD,2202,81010-100,LINDÓIA,Curitiba,PR
1c32ebef-a594-4c5b-ae8d-5b3d48867c91,R. ANTERO DE QUENTAL,432,81010-150,LINDÓIA,Curitiba,PR
cbfdd244-1452-4a33-b9c0-c36f4ac39f36,R. CAPITÃO JOÃO ZALESKI,1274,81010-080,LINDÓIA,Curitiba,PR
9029bf23-7244-4184-9dd0-d46fdbbd23d3,AV. PRESIDENTE WENCESLAU BRAZ,2035,81010-000,LINDÓIA,Curitiba,PR
46a40852-fd14-4b8f-aac7-d636d9022894,R. CONDE DOS ARCOS,36,81010-120,LINDÓIA,Curitiba,PR
45e6c109-b57b-42ba-8f14-6aeb7b038786,R. GALILEU GALILEI,701,81010-180,LINDÓIA,Curitiba,PR
6c8aeb5b-e452-4b8d-95fc-55d85f2b719f,R. DJALMA FERREIRA MACIEL,1143,81010-270,LINDÓIA,Curitiba,PR
15db7ee3-0509-41b6-98bb-49b182e78681,R. CONDE DOS ARCOS,1366,81010-120,LINDÓIA,Curitiba,PR
a8322899-51d6-45f7-a858-c9b77b927985,AV. PRESIDENTE WENCESLAU BRAZ,1893,81010-000,LINDÓIA,Curitiba,PR
15240f6d-e086-444a-9a19-4546abea785d,R. ANTERO DE QUENTAL,484,81010-150,LINDÓIA,Curitiba,PR
6ecea1c1-069a-4cd0-a955-01b1273bda28,R. ALEIXO BETTEGA,763,81010-280,LINDÓIA,Curitiba,PR
2e872514-ce54-4743-abc0-bf9764d9b1d2,R. EMILE ZOLA,191,81010-260,LINDÓIA,Curitiba,PR
e29c8321-0165-4a93-add9-b816206e8a37,R. NICOLAU SERRATO SOBRINHO,1284,81010-400,LINDÓIA,Curitiba,PR
327ae49b-d957-466f-a1ad-5df8c663f944,AV. PRESIDENTE WENCESLAU BRAZ,2431,81010-000,LINDÓIA,Curitiba,PR
5599fcec-670b-4599-adbc-d058681ab65e,R. AMÉRICO VESPÚCIO,636,81010-250,LINDÓIA,Curitiba,PR
6d4616d3-b42b-4326-8af8-c5727840994d,R. DJALMA FERREIRA MACIEL,611,81010-270,LINDÓIA,Curitiba,PR
1b78e7e0-2611-4625-bab7-50ee9900a528,R. CAPITÃO JOÃO ZALESKI,1104,81010-080,LINDÓIA,Curitiba,PR
fe8703e9-38c7-4ba5-b191-ca4467cce186,R. EMILE ZOLA,350,81010-260,LINDÓIA,Curitiba,PR
1781046d-b77f-4b9d-b7bd-f5b61da84d63,AV. PRESIDENTE WENCESLAU BRAZ,1605,81010-000,LINDÓIA,Curitiba,PR
f1a14c5d-75b0-4510-a0b6-db7e202b10f5,R. SANTA JOANA DARC,270,81010-190,LINDÓIA,Curitiba,PR
ca276881-a064-4ab1-baa6-15a731eb3619,AV. HENRY FORD,1910,81010-100,LINDÓIA,Curitiba,PR
43ca1488-b80f-4e93-8234-9d4ca3ecab1f,AV. SANTA BERNADETHE,690,81010-200,LINDÓIA,Curitiba,PR
06a23a38-cb55-4086-b2e7-b506ae82bb0e,R. CONDE DOS ARCOS,1310,81010-120,LINDÓIA,Curitiba,PR
85e3a977-94fc-40ec-a147-7d4ea1ec44ca,R. CONDE DOS ARCOS,844,81010-120,LINDÓIA,Curitiba,PR
7ebfd313-05f9-45f6-809d-ad859b4746c5,R. AMÉRICO VESPÚCIO,444,81010-250,LINDÓIA,Curitiba,PR
6353cd75-c96a-4740-9bca-66882aa05c5e,R. SANTA JOANA DARC,310,81010-190,LINDÓIA,Curitiba,PR
4f56abec-273a-4d50-81f4-44b7a1bf7f30,R. LEON TOLSTOI,220,81010-090,LINDÓIA,Curitiba,PR
415a8597-7327-491e-a0a5-e7cbc609ced4,R. LEON TOLSTOI,148,81010-090,LINDÓIA,Curitiba,PR
b8c9edb3-8561-43e4-9121-aebc08986f59,R. CONDE DOS ARCOS,229,81010-120,LINDÓIA,Curitiba,PR
d0b81430-2616-41d8-9664-d135768a24f6,R. LEON TOLSTOI,1113,81010-090,LINDÓIA,Curitiba,PR
33c3422c-0bb5-466b-9bc6-9585ee055d34,R. JOSINA RAMOS RÉGIO,357,81010-210,LINDÓIA,Curitiba,PR
95a20b9d-7b1b-4451-ab29-76571aa68f1a,AV. SANTA BERNADETHE,827,81010-200,LINDÓIA,Curitiba,PR
3106f303-9567-40ae-aaec-3aa9024df503,R. LEON TOLSTOI,470,81010-090,LINDÓIA,Curitiba,PR
9bb37f49-b1cf-4db2-9630-ae083ebd1527,R. CAPITÃO JOÃO ZALESKI,842,81010-080,LINDÓIA,Curitiba,PR
54b47e12-d33e-41ca-8840-dc53afb1dca5,AV. SANTA BERNADETHE,690,81010-200,LINDÓIA,Curitiba,PR
c2a6dad8-1d8d-4df7-aaf3-377cb6876215,R. ROBERTO KOCH,593,81010-220,LINDÓIA,Curitiba,PR
4ab7c481-7163-4f7e-86a4-84031d95afd0,R. CONDE DOS ARCOS,388,80010-120,LINDÓIA,Curitiba,PR
f2e0d26f-f9f9-4bfb-9dc2-5360d7b39ad2,R. CONDE DOS ARCOS,156,81010-120,LINDÓIA,Curitiba,PR
889623a8-abb5-4537-95db-20edd0a627dd,R. NICOLAU SERRATO SOBRINHO,1284,81010-400,LINDÓIA,Curitiba,PR
3315c645-e2cf-4887-96e6-02e162cc9f60,R. DJALMA FERREIRA MACIEL,1096,81010-270,LINDÓIA,Curitiba,PR
27b5eff8-a39f-406a-8719-10d66388aa63,R. AMÉRICO VESPÚCIO,637,81010-250,LINDÓIA,Curitiba,PR
bda2b9cb-7f4e-4a84-b6f8-d385207fa2cf,AV. PRESIDENTE WENCESLAU BRAZ,2065,81010-000,LINDÓIA,Curitiba,PR
2148467c-e8d7-4743-be94-ef2f0df8cf33,R. PROFESSOR OSCAR KOLBE,79,81010-240,LINDÓIA,Curitiba,PR
9f3e69b4-2ea1-4671-827c-90aa8c48387a,R. GALILEU GALILEI,870,81010-180,LINDÓIA,Curitiba,PR
8a9084d4-69db-4358-9d4c-73c22aac3fb8,R. ROBERTO KOCH,542,81010-120,LINDÓIA,Curitiba,PR
986d043d-62ef-42da-aff8-73707a9b69da,R. CONDE DOS ARCOS,298,81010-120,LINDÓIA,Curitiba,PR
5ac87db7-fc5d-4852-b8a9-e413b0ed97d0,R. PAULO ROBERTO MUNHOZ COSTA,134,81010-187,LINDÓIA,Curitiba,PR
a42239fa-f01a-4b95-990f-e7a9b4bf8d08,AV. PRESIDENTE WENCESLAU BRAZ,1893,81010-000,LINDÓIA,Curitiba,PR
03fb8bcc-60c6-4a65-a8e2-5bffa54a143a,R. CAMILO CASTELO BRANCO,255,81010-170,LINDÓIA,Curitiba,PR
777d619e-9de6-4a44-8ba0-ef8e5860e1e1,R. CONDE DOS ARCOS,520,81010-120,LINDÓIA,Curitiba,PR
858eb6b0-1aa3-4efa-9ac6-c67a3140a73d,AV. HENRY FORD,2202,81010-100,LINDÓIA,Curitiba,PR
dcae36da-846f-4eb1-baae-000671b3ba04,R. OSCAR WILDE,532,81010-230,LINDÓIA,Curitiba,PR
77cf2c45-ef46-4a90-9667-fc63941d7bad,R. ALEIXO BETTEGA,729,81010-280,LINDÓIA,Curitiba,PR
502de6f3-a2ad-469b-8a7f-bbcc1275c2c7,R. ANTERO DE QUENTAL,198,81010-150,LINDÓIA,Curitiba,PR
64571133-f77c-42d2-80ee-ff42d9f50a21,R. CAPITÃO JOÃO ZALESKI,1775,81010-080,LINDÓIA,Curitiba,PR
5fb95a0d-7b01-4a2d-8cbd-0a337bdf2acc,R. JOSINA RAMOS RÉGIO,68,81010-210,LINDÓIA,Curitiba,PR
d644fd51-303d-4a39-ae6c-4af84b9dd26d,AV. PRESIDENTE WENCESLAU BRAZ,2581,81010-000,LINDÓIA,Curitiba,PR
fc99c9a1-891d-4532-91ad-2300b46320ba,R. AMÉRICO VESPÚCIO,636,81010-250,LINDÓIA,Curitiba,PR
bc2918ea-31d1-467a-b69e-b163baf37fd0,R. LEON TOLSTOI,423,81010-090,LINDÓIA,Curitiba,PR
316046cd-9a51-4648-bfd9-e14b144969ec,R. AMÉRICO VESPÚCIO,833,81010-250,LINDÓIA,Curitiba,PR
edb578fd-dc88-4e97-bbd9-5c363d04a73c,R. EMILE ZOLA,272,81010-260,LINDÓIA,Curitiba,PR
1d8a7aa6-cad4-411f-90c7-5f070c9c464f,R. JOSINA RAMOS RÉGIO,365,81010-210,LINDÓIA,Curitiba,PR
765c07e5-8d1c-4e61-8867-76021a1a0594,R. TOMÉ DE SOUZA,66,81010-010,LINDÓIA,Curitiba,PR
e84e7bdc-1e16-4d67-a26f-227d26304d42,R. GALILEU GALILEI,450,81010-180,LINDÓIA,Curitiba,PR
9a7b929f-8228-42d4-964f-f94f42f5c73a,R. JOSINA RAMOS RÉGIO,357,81010-210,LINDÓIA,Curitiba,PR
cb6caa05-6562-4882-af3f-e160a1238fff,R. ROBERTO KOCH,475,81010-220,LINDÓIA,Curitiba,PR
b80aaba0-662c-4659-add0-6c6fd0502f13,AV. SANTA BERNADETHE,690,81010-200,LINDÓIA,Curitiba,PR
9e36e625-7da8-4f3b-b185-5d3bd3d39384,R. CAPITÃO JOÃO ZALESKI,842,81010-080,LINDÓIA,Curitiba,PR
163e3094-4ff1-4e37-a0ad-db0c2986a71b,R. LEON TOLSTOI,1230,81010-090,LINDÓIA,Curitiba,PR
8bf53132-a253-419b-8494-4a38b4ca157a,R. CONDE DOS ARCOS,1067,81010-210,LINDÓIA,Curitiba,PR
f47e6ec8-f2a4-45eb-a878-70dfac3331bc,R. CONDE DOS ARCOS,695,81010-120,LINDÓIA,Curitiba,PR
6245c4ca-22e7-47cb-b403-e26ceb3b678f,R. GALILEU GALILEI,197,81010-180,LINDÓIA,Curitiba,PR
4d42abf0-65a7-41b1-a474-3a8256041d31,R. ROBERTO KOCH,308,81010-220,LINDÓIA,Curitiba,PR
0bc88d6b-0d75-4c2a-8225-6c9cb2825ed6,R. DJALMA FERREIRA MACIEL,601,81010-270,LINDÓIA,Curitiba,PR
ed8d8230-72f5-4470-8849-1f3e8f2c4838,R. EMILE ZOLA,538,81010-260,LINDÓIA,Curitiba,PR
43efd18e-64b2-42f3-8408-f7d4b7f90223,R. LEON TOLSTOI,1348,81010-090,LINDÓIA,Curitiba,PR
1f3412ec-9561-478b-9cf8-dab7125fb574,TV. JEFERSON REIS ROSA,70,81010-152,LINDÓIA,Curitiba,PR
54669e28-c2b7-48df-8758-b3ddff6ebb34,R. CAMILO CASTELO BRANCO,215,81010-170,LINDÓIA,Curitiba,PR
8420300d-8f4d-435c-bb6a-cb523dd31464,R. ALEIXO BETTEGA,87,81010-280,LINDÓIA,Curitiba,PR
24533785-b669-4557-8574-2c9ca54ab897,R. CAPITÃO JOÃO ZALESKI,1435,81010-080,LINDÓIA,Curitiba,PR
db7a02b6-4c6c-4162-a2ab-1ab1bee1cfca,R. OSCAR WILDE,498,81010-230,LINDÓIA,Curitiba,PR
c73cde05-41f0-4254-9197-88d186087dfe,R. VICTOR HUGO,608,81010-130,LINDÓIA,Curitiba,PR
95732984-21ff-4d5e-8d4a-ae94196ff792,R. CONDE DOS ARCOS,426,81010-120,LINDÓIA,Curitiba,PR
12c733be-5b93-4d3b-bfd7-a5093fd25d48,R. ANTERO DE QUENTAL,521,81010-150,LINDÓIA,Curitiba,PR
6506824f-a725-4044-b3bb-060b29ddf4ab,R. AMÉRICO VESPÚCIO,579,81010-250,LINDÓIA,Curitiba,PR
dcca3603-d43a-4c68-bffc-bb9a4ca8676b,AV. PRESIDENTE WENCESLAU BRAZ,1463,81010-000,LINDÓIA,Curitiba,PR
707e0a47-766f-4b73-a4e0-a0b90dca2a51,R. PROFESSOR OSCAR KOLBE,334,81010-240,LINDÓIA,Curitiba,PR
a72951f9-d3b1-4cd9-b6e5-8977b369a2f0,R. OSCAR WILDE,474,81010-230,LINDÓIA,Curitiba,PR
5f3b7813-0ec0-482c-bc27-2df5334c63af,R. DJALMA FERREIRA MACIEL,589,81010-270,LINDÓIA,Curitiba,PR
986951cf-95ef-4988-9188-e5fc2eb816ee,R. OSCAR WILDE,908,81010-230,LINDÓIA,Curitiba,PR
78bf2128-48ba-49a7-a689-499c327ded2c,R. OSCAR WILDE,815,81010-230,LINDÓIA,Curitiba,PR
3fb7441e-bc68-4879-b931-0bee6d810c8e,R. NICOLAU SERRATO SOBRINHO,1301,81010-400,LINDÓIA,Curitiba,PR
66a4d032-43a3-4db5-bd4f-f229db4d2cb8,R. CONDE DOS ARCOS,1207,81010-240,LINDÓIA,Curitiba,PR
74bd2c8b-7e95-45f5-a93b-fd7c933f4241,AV. HENRY FORD,2244,81010-100,LINDÓIA,Curitiba,PR
754dad66-1523-4ac1-b3fc-c42361361cc2,R. DJALMA FERREIRA MACIEL,974,81010-270,LINDÓIA,Curitiba,PR
18066077-2563-40b6-9ba7-ab8a795b32d3,AV. PRESIDENTE WENCESLAU BRAZ,1893,81010-000,LINDÓIA,Curitiba,PR
2ee5903b-da27-47de-9cad-c663344a004a,R. EMILE ZOLA,350,81010-260,LINDÓIA,Curitiba,PR
0c590f75-40cf-419d-8345-7ed62c277924,AV. PRESIDENTE WENCESLAU BRAZ,2823,81010-001,LINDÓIA,Curitiba,PR
7d47d24e-ec5a-4e51-b7a5-8c3bfaea76ea,R. PROFESSOR OSCAR KOLBE,400,81010-250,LINDÓIA,Curitiba,PR
b835def1-15dc-4ba7-b611-8a2056b36e46,R. VICTOR HUGO,542,81010-130,LINDÓIA,Curitiba,PR
3e72099d-4bf8-4247-933f-0d1c276d207e,R. OSCAR WILDE,618,81010-230,LINDÓIA,Curitiba,PR
1bcf8da7-af15-46cc-acf8-03efb7477f68,R. TOMÉ DE SOUZA,67,81010-010,LINDÓIA,Curitiba,PR
f81e563b-f247-49c0-9704-147533df0178,R. OSCAR WILDE,405,81010-230,LINDÓIA,Curitiba,PR
906f8491-3cf1-4daf-9cc6-b81f42632f16,R. PROFESSOR OSCAR KOLBE,235,81010-240,LINDÓIA,Curitiba,PR
6d87013e-bd4e-4034-abe1-4c4dab9e9874,R. DJALMA FERREIRA MACIEL,351,81010-270,LINDÓIA,Curitiba,PR
be544a4a-4aba-4f7a-bf56-9c2dab43e695,AV. PRESIDENTE WENCESLAU BRAZ,2907,81010-001,LINDÓIA,Curitiba,PR
ce1deb91-2b1a-47f8-ad68-60e3b2053169,AV. PRESIDENTE WENCESLAU BRAZ,1965,81010-000,LINDÓIA,Curitiba,PR
6920b2c1-5091-478b-bf06-f2569d1d3409,R. ANTERO DE QUENTAL,198,81010-150,LINDÓIA,Curitiba,PR
9188bb65-edc7-405a-a61f-ed858f2eb8e4,AV. PRESIDENTE WENCESLAU BRAZ,1605,81010-000,LINDÓIA,Curitiba,PR
17a14a12-1c39-4236-91ad-122d80567698,R. ANTERO DE QUENTAL,493,81010-150,LINDÓIA,Curitiba,PR
ec42b73d-5df7-4f07-86ce-671983359c17,R. SANTA JOANA DARC,841,81010-190,LINDÓIA,Curitiba,PR
0d188316-80e4-4008-afb0-1a732224fb4e,R. LEON TOLSTOI,492,81010-090,LINDÓIA,Curitiba,PR
c70e294e-86ee-45fa-bfaf-4bda766cb9a6,R. CONDE DOS ARCOS,645,81010-120,LINDÓIA,Curitiba,PR
b68c17ea-8583-4c78-a683-0d3930fa64c5,R. CONDE DOS ARCOS,488,81010-120,LINDÓIA,Curitiba,PR
af91a41f-23b8-42e7-b86d-3c6ca8f34c5b,AV. SANTA BERNADETHE,894,81010-200,LINDÓIA,Curitiba,PR
46869366-f0fc-4a7a-8af7-f02669721bf7,AV. HENRY FORD,2290,81010-100,LINDÓIA,Curitiba,PR
dffdf2e1-b31b-4774-940a-766d1cf6b395,R. GALILEU GALILEI,206,81010-180,LINDÓIA,Curitiba,PR
8f910a80-2253-42bc-9575-4374d0eb30c6,R. CONDE DOS ARCOS,156,81010-120,LINDÓIA,Curitiba,PR
1633c713-5075-414c-b0dd-2f8102a5aae2,R. ANTERO DE QUENTAL,493,81010-150,LINDÓIA,Curitiba,PR
05f9c789-9743-4a7d-ac0c-ff8f2194aca2,AV. PRESIDENTE WENCESLAU BRAZ,1893,81010-000,LINDÓIA,Curitiba,PR
c0544673-3285-4e3c-8d1a-ff77ef2bbc37,R. OSCAR WILDE,907,81010-230,LINDÓIA,Curitiba,PR
0ef36bb5-79ad-404f-ad4d-71f447097174,AV. PRESIDENTE WENCESLAU BRAZ,2221,81010-000,LINDÓIA,Curitiba,PR
a74cc1b7-251a-4a24-aa0f-3a7aafca7517,R. CONDE DOS ARCOS,36,81010-120,LINDÓIA,Curitiba,PR
24a35893-600a-40e6-bec4-47beb7d6c93a,R. EMILE ZOLA,465,81010-260,LINDÓIA,Curitiba,PR
42ea8d92-fafc-4a4b-8d19-00ee588a9331,R. CAMILO CASTELO BRANCO,378,81010-170,LINDÓIA,Curitiba,PR
517ff561-f2d2-4a16-a607-80028f1be822,R. CAPITÃO JOÃO ZALESKI,980,81010-080,LINDÓIA,Curitiba,PR
516d10ad-27dd-42d6-8151-553820ddc011,AV. PRESIDENTE WENCESLAU BRAZ,1172,81010-000,LINDÓIA,Curitiba,PR
2ab1729b-d2d0-46e8-a2ca-8009b36c6a5c,R. AMÉRICO VESPÚCIO,391,81010-250,LINDÓIA,Curitiba,PR
f3c30c9a-fbdd-4b97-9261-4115a75f01ca,R. ANTERO DE QUENTAL,671,81010-150,LINDÓIA,Curitiba,PR
ebd62dcb-6390-4b6d-a2c0-72b8d8aa594c,R. EMILE ZOLA,24,81010-260,LINDÓIA,Curitiba,PR
eba9b553-733f-4735-a779-d17f45492e7e,R. MEM DE SÁ,432,81010-110,LINDÓIA,Curitiba,PR
9dda3d3f-31c9-452f-a955-63f8ed21f1b8,R. AMÉRICO VESPÚCIO,276,81010-250,LINDÓIA,Curitiba,PR
37fe60cc-40b2-4ae6-9bd0-4fb2f87119fa,R. TOMÉ DE SOUZA,194,81010-010,LINDÓIA,Curitiba,PR
8549ee81-ce66-4cd8-a075-93f7ae7fb69b,R. DJALMA FERREIRA MACIEL,712,81010-270,LINDÓIA,Curitiba,PR
9c5659df-b199-4ba2-9fdf-f8e3fa457776,R. EMILE ZOLA,126,81010-260,LINDÓIA,Curitiba,PR
f549cc85-ff9f-4221-b302-76bbc64ddd54,R. DUARTE DA COSTA,504,81010-060,LINDÓIA,Curitiba,PR
fb9f47ca-8bc6-4291-b96c-b1ff58b3d5f9,R. OSCAR WILDE,329,81010-230,LINDÓIA,Curitiba,PR
69c45192-5234-48c3-89c8-48706378d367,R. CONDE DOS ARCOS,1350,81010-120,LINDÓIA,Curitiba,PR
0c9d6b73-6db3-4076-9a35-42d93a21a3ff,R. ANTERO DE QUENTAL,483,81010-150,LINDÓIA,Curitiba,PR
8247fe89-f360-4fe3-9d01-d120970075f5,R. AMÉRICO VESPÚCIO,636,81010-250,LINDÓIA,Curitiba,PR
1c8455ea-bb24-431f-bf4a-3642c6a36a7c,R. LEON TOLSTOI,148,81010-090,LINDÓIA,Curitiba,PR
4708d52d-2817-426b-b23e-ea046236626e,AV. HENRY FORD,2032,81010-100,LINDÓIA,Curitiba,PR
3791ae61-730f-4ec1-af8c-c47c55b646ec,AV. PRESIDENTE WENCESLAU BRAZ,1893,81010-000,LINDÓIA,Curitiba,PR
c40b5b7c-ca56-404a-aeb9-13fda6240a32,R. TOMÉ DE SOUZA,67,81010-010,LINDÓIA,Curitiba,PR
3aaad1cd-6b47-4bfc-b736-67ab76a2c4e6,R. LEON TOLSTOI,798,81010-090,LINDÓIA,Curitiba,PR
b153a7e1-1ead-4b86-a292-e50718f27e85,R. GALILEU GALILEI,471,80010-180,LINDÓIA,Curitiba,PR
7ec97add-d9c0-4990-a994-03f74ca87e41,R. DJALMA FERREIRA MACIEL,973,81010-270,LINDÓIA,Curitiba,PR
7cb0f4a1-9d6b-4ef6-aeb4-ba62db18588a,AV. PRESIDENTE WENCESLAU BRAZ,2045,81010-000,LINDÓIA,Curitiba,PR
8df35bc5-9feb-44a3-bd85-96554bc0d104,R. PROFESSOR OSCAR KOLBE,331,81010-240,LINDÓIA,Curitiba,PR
7a98fb15-8a88-4f71-948f-f6541e99e67d,R. ALEXANDRE SALATA,547,81010-030,LINDÓIA,Curitiba,PR
8f4a48bb-b107-4775-8846-5b3ce4a44a49,R. ALEIXO BETTEGA,433,81010-280,LINDÓIA,Curitiba,PR
255777f0-e115-45e2-902d-6246981329e7,AV. SANTA BERNADETHE,1369,81010-200,LINDÓIA,Curitiba,PR
2d659ee1-712b-4f4e-91ea-182184ed2f80,R. ILDEFONSO STOCKLER DE FRANÇA,931,81020-040,LINDÓIA,Curitiba,PR
043c90b4-002c-46f6-847d-e16c34231968,AV. PRESIDENTE WENCESLAU BRAZ,2197,81010-000,LINDÓIA,Curitiba,PR
0ad76349-2a16-4202-a331-751288f16e42,R. JOSINA RAMOS RÉGIO,80,81010-210,LINDÓIA,Curitiba,PR
895b343b-ebff-40e0-9416-8ff4959e5620,R. OSCAR WILDE,979,81010-230,LINDÓIA,Curitiba,PR
ddbbcf72-9230-4183-beed-ec54c9205a5e,R. VICTOR HUGO,542,81010-130,LINDÓIA,Curitiba,PR
e41ec1d1-84db-491d-972b-3e1978d48616,AV. PRESIDENTE WENCESLAU BRAZ,1893,81010-000,LINDÓIA,Curitiba,PR
985fca13-3964-470d-b177-ea380396b21a,R. CONDE DOS ARCOS,1183,81010-120,LINDÓIA,Curitiba,PR
a4a6c6f5-4e97-4fb8-a19b-f9f627f9a01d,TV. JEFERSON REIS ROSA,20,81010-152,LINDÓIA,Curitiba,PR
746174c7-da9b-4c7e-9445-c9b72fe7b0b5,R. CAPITÃO JOÃO ZALESKI,1334,81010-080,LINDÓIA,Curitiba,PR
e7ff66ea-203c-4d3a-8b82-57e35e5d2369,R. CAPITÃO JOÃO ZALESKI,842,81010-080,LINDÓIA,Curitiba,PR
394bd21c-b6bf-4cc0-b060-1637df1079fe,R. LEON TOLSTOI,738,81010-090,LINDÓIA,Curitiba,PR
5a219758-5919-4310-8845-c11ecc49cd9e,R. CONDE DOS ARCOS,426,81010-120,LINDÓIA,Curitiba,PR
f9dbdd23-186a-40d5-9628-1ee4c149ff61,R. CONDE DOS ARCOS,844,81010-120,LINDÓIA,Curitiba,PR
4b0054de-4f24-4665-b4c1-6fc52eff93d7,R. CAMILO CASTELO BRANCO,473,81010-170,LINDÓIA,Curitiba,PR
3c01dcba-da97-454b-9c21-bb6199ac8eff,R. JAMAICA,103,81010-020,LINDÓIA,Curitiba,PR
7e110f32-782c-4282-8b1b-1bbc1ffa8f50,R. CAMILO CASTELO BRANCO,668,81010-170,LINDÓIA,Curitiba,PR
f4d7b14c-2c14-449c-a6ba-ee5aa26571b4,R. ALEXANDRE SALATA,553,81010-030,LINDÓIA,Curitiba,PR
54d4ea76-8baf-4853-80f2-e0f3592138f6,R. ANTERO DE QUENTAL,211,81010-150,LINDÓIA,Curitiba,PR
55d120ec-78f6-4a54-8a1c-15cdc031ddb4,R. OSCAR WILDE,486,81010-230,LINDÓIA,Curitiba,PR
139e353d-9c74-4f3d-bfb6-4d5021c15fcd,R. SANTA JOANA DARC,864,81010-190,LINDÓIA,Curitiba,PR
421bcff4-d11a-4866-a674-b53f352c9ef5,AV. PRESIDENTE WENCESLAU BRAZ,2725,81010-001,LINDÓIA,Curitiba,PR
d6ef7464-1d7a-46ad-8462-7779a3521041,AV. PRESIDENTE WENCESLAU BRAZ,2205,81010-000,LINDÓIA,Curitiba,PR
80c564b7-4936-46ab-be19-63b39d093a78,R. NICOLAU SERRATO SOBRINHO,1213,81010-400,LINDÓIA,Curitiba,PR
1c8bf6c1-4f43-4dd3-ad1d-1055d6fc5c03,AV. PRESIDENTE WENCESLAU BRAZ,1645,81010-000,LINDÓIA,Curitiba,PR
877e0558-ebce-4133-b78f-beddfc49594b,R. CONDE DOS ARCOS,170,81010-120,LINDÓIA,Curitiba,PR
5e950b7f-02e2-4de6-a0cc-1b30243cb700,R. SANTA JOANA DARC,307,81010-190,LINDÓIA,Curitiba,PR
07045304-e2a6-43d3-bf58-55229cc42e1c,R. LEON TOLSTOI,1254,81010-090,LINDÓIA,Curitiba,PR
fcf51691-a4bc-430a-b4d6-1cfee6728987,R. GALILEU GALILEI,323,81010-180,LINDÓIA,Curitiba,PR
bc5b3bc5-4c18-4cb2-9fcf-0292e25af2e4,AV. PRESIDENTE WENCESLAU BRAZ,1605,81010-000,LINDÓIA,Curitiba,PR
435527a9-1321-40fb-abed-0c5e8ba7e4cb,R. LEON TOLSTOI,484,81010-090,LINDÓIA,Curitiba,PR
24825e6b-6a29-4376-9303-04afb2d598de,R. CONDE DOS ARCOS,1067,81010-120,LINDÓIA,Curitiba,PR
d6fcb45f-0d6d-466d-9f85-024ec7e2dc1c,AV. HENRY FORD,946,81010-100,LINDÓIA,Curitiba,PR
e1138d66-714e-4fe7-99f4-d38432bff536,R. LEON TOLSTOI,936,81010-090,LINDÓIA,Curitiba,PR
1bbfcfdf-7433-4815-9541-719d88b2b7cd,AV. PRESIDENTE WENCESLAU BRAZ,1893,81010-000,LINDÓIA,Curitiba,PR
d8f330eb-efde-4bfd-bd61-248f2f91fb77,R. LEON TOLSTOI,1039,81010-090,LINDÓIA,Curitiba,PR
6450efe1-b308-48bd-a2f4-d9957dc094ef,R. EMILE ZOLA,177,81010-260,LINDÓIA,Curitiba,PR
36b6667b-ab3b-4c0d-ae6b-9d632b0efc76,R. CONDE DOS ARCOS,170,81010-120,LINDÓIA,Curitiba,PR
6b3b9c58-07de-4a7a-a677-5f7594f68caa,R. SANTA JOANA DARC,596,81010-190,LINDÓIA,Curitiba,PR
8ca36eaf-3b80-4f8d-84bd-d3348adc7e9c,R. DJALMA FERREIRA MACIEL,973,81010-270,LINDÓIA,Curitiba,PR
f48e9d98-4e88-420e-9e8b-19c117844d28,R. ANTERO DE QUENTAL,168,81010-150,LINDÓIA,Curitiba,PR
bb707bf5-215f-4945-a196-3c33c5c3383a,AV. PRESIDENTE WENCESLAU BRAZ,2591,81010-000,LINDÓIA,Curitiba,PR
ebcab061-402c-4865-9790-4479d40d8297,R. LEON TOLSTOI,443,81010-090,LINDÓIA,Curitiba,PR
95f88c20-0015-4f53-b3ec-9c2e789daaf6,R. VICTOR HUGO,738,81010-130,LINDÓIA,Curitiba,PR
466a1018-3fc6-4403-9040-a3a8222bad2b,R. ROBERTO KOCH,626,81010-220,LINDÓIA,Curitiba,PR
4db95c87-c5b1-4381-84f1-d10be792977b,R. CONDE DOS ARCOS,182,81010-120,LINDÓIA,Curitiba,PR
f4a5407a-178d-4f24-a390-e54d3bb1287b,AV. PRESIDENTE WENCESLAU BRAZ,1229,81010-000,LINDÓIA,Curitiba,PR
b1bc2306-823f-4f64-a74e-9300fb74b88a,R. CONDE DOS ARCOS,36,81010-120,LINDÓIA,Curitiba,PR
ea03c2cd-d36e-4339-9309-d2a6e2b33d88,R. CAPITÃO JOÃO ZALESKI,1726,81010-080,LINDÓIA,Curitiba,PR
857702d8-9b09-43ae-bd64-baea6d0af67d,AV. PRESIDENTE WENCESLAU BRAZ,1229,81010-000,LINDÓIA,Curitiba,PR
7a3d2d53-1ab6-44d5-bae3-22ee448c1bdc,R. EMILE ZOLA,538,81010-260,LINDÓIA,Curitiba,PR
9bbee4b0-5307-42e4-a8a8-66f1f56e0334,R. LEON TOLSTOI,1102,81010-090,LINDÓIA,Curitiba,PR
96b36d41-b081-4e2d-a950-3171f3179102,AV. PRESIDENTE WENCESLAU BRAZ,1973,81010-000,LINDÓIA,Curitiba,PR
d42677b2-2329-4d5f-8d1c-9de55eddd529,R. PAULO ROBERTO MUNHOZ COSTA,74,81010-187,LINDÓIA,Curitiba,PR
64013cf5-3b85-4122-91b2-5ffc1f98d64e,AV. PRESIDENTE WENCESLAU BRAZ,1893,81010-000,LINDÓIA,Curitiba,PR
7e03024d-80e3-4671-a822-f16888de1dd8,R. DJALMA FERREIRA MACIEL,374,81010-270,LINDÓIA,Curitiba,PR
851a2ae9-1335-4cb1-92ba-c52570d4b1c8,R. LEON TOLSTOI,1264,81010-090,LINDÓIA,Curitiba,PR
59817c38-d580-4ca6-b751-a85a7bcb7830,AV. SANTA BERNADETHE,690,81010-200,LINDÓIA,Curitiba,PR
9382c515-e3f4-4c58-a762-bbeb5a6f240e,R. CONDE DOS ARCOS,698,81010-120,LINDÓIA,Curitiba,PR
4fd5c61c-cf6d-41dc-9e0c-2751e2153678,AV. PRESIDENTE WENCESLAU BRAZ,1243,81010-000,LINDÓIA,Curitiba,PR
cd0bdeae-d3c7-47d5-a71c-225014333ae9,R. MEM DE SÁ,448,81010-110,LINDÓIA,Curitiba,PR
0deab0d4-0a44-4362-9ca6-eb9e08bdcfba,R. GALILEU GALILEI,460,81010-180,LINDÓIA,Curitiba,PR
f41ab9f7-2608-4d14-b174-c274ab8f14a6,R. OSCAR WILDE,907,81010-230,LINDÓIA,Curitiba,PR
6eef289b-7cde-45c3-93aa-c4de5a48c071,R. GALILEU GALILEI,472,81010-180,LINDÓIA,Curitiba,PR
c68edd9a-6f02-476b-aac1-1f236aceec01,AV. PRESIDENTE WENCESLAU BRAZ,1893,81010-000,LINDÓIA,Curitiba,PR
3843b06c-3134-413f-a6ca-ea21f78470b1,R. CAPITÃO JOÃO ZALESKI,1435,81010-080,LINDÓIA,Curitiba,PR
2dc726de-71b0-43e4-8cfb-7dd64d415300,R. ANTERO DE QUENTAL,652,81010-150,LINDÓIA,Curitiba,PR
967594ae-7e81-4b8d-b34f-f5ebb19bb28b,R. CAPITÃO JOÃO ZALESKI,705,81010-080,LINDÓIA,Curitiba,PR
4975af90-f8a9-4947-b73c-c89faf017a59,R. LEON TOLSTOI,191,81010-090,LINDÓIA,Curitiba,PR
ffc6afe8-8905-43e8-b276-f34cdfbccdbb,R. CAMILO CASTELO BRANCO,473,81010-170,LINDÓIA,Curitiba,PR
1874f2e5-ed7c-452c-ace2-bd454851cd90,AV. PRESIDENTE WENCESLAU BRAZ,2615,81010-000,LINDÓIA,Curitiba,PR
1c6dbe96-1122-4196-9174-222c30c3993f,R. VICTOR HUGO,472,81010-130,LINDÓIA,Curitiba,PR
814c0672-9f8f-4661-a267-c20a2f7eacf9,R. DJALMA FERREIRA MACIEL,755,81010-270,LINDÓIA,Curitiba,PR
ced5a7f4-091c-403c-8547-6267c0f16e12,R. ANTERO DE QUENTAL,657,81010-150,LINDÓIA,Curitiba,PR
80b7a64c-7b8e-4ff5-a649-22da58bc934c,R. ALEIXO BETTEGA,177,81010-280,LINDÓIA,Curitiba,PR
bdff0a10-9358-49ea-949f-b0ef0725f7df,R. DJALMA FERREIRA MACIEL,351,81010-270,LINDÓIA,Curitiba,PR
4a75e548-4942-4a4d-ba24-68aaad12893a,R. EMILE ZOLA,530,81010-260,LINDÓIA,Curitiba,PR
aa0a9b3f-4771-4433-85f7-a29ea77ffd63,R. CAMILO CASTELO BRANCO,497,81010-170,LINDÓIA,Curitiba,PR
79f75305-96bb-41e6-a89a-1ea798255651,R. ROBERTO KOCH,725,81010-220,LINDÓIA,Curitiba,PR
64a50e7e-13a8-47b7-b430-6359651f26e4,R. SANTA JOANA DARC,471,81010-190,LINDÓIA,Curitiba,PR
7bf29e5c-09c0-4355-8d76-f5b4b72f85b0,AV. PRESIDENTE WENCESLAU BRAZ,1893,81010-000,LINDÓIA,Curitiba,PR
3518d37a-4bef-4609-9222-021e0b4742fe,R. ALEIXO BETTEGA,61,81010-001,LINDÓIA,Curitiba,PR
7babf2ee-2102-494a-b3d4-70429133f648,R. CONDE DOS ARCOS,1183,81010-120,LINDÓIA,Curitiba,PR
0bb6eda6-17c6-45a7-85a6-208f1e309d76,AV. SANTA BERNADETHE,690,81010-200,LINDÓIA,Curitiba,PR
b820c887-ad03-46e6-98a4-02a58cda2895,AV. PRESIDENTE WENCESLAU BRAZ,1463,81010-000,LINDÓIA,Curitiba,PR
3bd74d20-4b4e-40e9-ade2-c2703e88e196,R. CONDE DOS ARCOS,1211,81010-120,LINDÓIA,Curitiba,PR
8e1f12f1-0aeb-4407-956e-98d613c3951f,AV. PRESIDENTE WENCESLAU BRAZ,2581,81010-000,LINDÓIA,Curitiba,PR
025eaea9-687b-4cd3-916a-1438ba1a9ce1,R. CAPITÃO JOÃO ZALESKI,842,81010-080,LINDÓIA,Curitiba,PR
4bb2b7ff-17eb-4142-a17e-eba1cd792f9b,AV. PRESIDENTE WENCESLAU BRAZ,2065,81010-000,LINDÓIA,Curitiba,PR
3b89b305-2db1-41b8-81b1-09d3919ab260,R. ALEIXO BETTEGA,741,81010-180,LINDÓIA,Curitiba,PR
a6b3263b-2e19-4bc5-ad1d-9458eb16efaf,AV. PRESIDENTE WENCESLAU BRAZ,2581,81010-000,LINDÓIA,Curitiba,PR
7455e210-aa5b-4f51-9cd4-d041c3c97a4d,AV. PRESIDENTE WENCESLAU BRAZ,555,81030-030,LINDÓIA,Curitiba,PR
31c59d6b-71b2-4e13-9341-b459c35ee7d8,R. OSCAR WILDE,405,81010-230,LINDÓIA,Curitiba,PR
a2f887fc-da9d-4408-999c-c8155a0a2616,R. ALEIXO BETTEGA,713,81010-280,LINDÓIA,Curitiba,PR
2f0befe7-682b-44f4-af23-299e6f33720c,R. VICTOR HUGO,1349,81010-130,LINDÓIA,Curitiba,PR
c389fdd3-23fe-43dc-b62d-dad9236a44b8,R. SANTA JOANA DARC,344,81010-190,LINDÓIA,Curitiba,PR
089c871e-1c1e-468b-a453-187fa6673924,R. ANTERO DE QUENTAL,300,81010-150,LINDÓIA,Curitiba,PR
4586ac2e-50bf-4db5-80cf-1d9313360694,R. LEON TOLSTOI,60,81010-090,LINDÓIA,Curitiba,PR
413fd364-98b5-4b96-999e-a6533c19e323,R. SANTA JOANA DARC,197,81010-190,LINDÓIA,Curitiba,PR
8c0e0be5-0c9e-4e25-91cd-792d4b30b9e7,R. CONDE DOS ARCOS,488,81010-120,LINDÓIA,Curitiba,PR
690a7cc9-d83c-447c-b6f0-5d6b988cb598,R. CAPITÃO JOÃO ZALESKI,1299,81010-080,LINDÓIA,Curitiba,PR
61c3c93c-8c11-48d8-9cda-47ecbe40a019,R. ROBERTO KOCH,696,81010-220,LINDÓIA,Curitiba,PR
9aeb2f1e-656f-4b2d-ba08-2d203a3bc0c5,R. LEON TOLSTOI,437,81010-090,LINDÓIA,Curitiba,PR
b3e71e31-2862-475c-bca2-1c450cd41cc3,R. SANTA JOANA DARC,851,81010-190,LINDÓIA,Curitiba,PR
b36a1036-dc80-4b8f-8d41-ae95c6c5fa9f,R. CONDE DOS ARCOS,265,81010-120,LINDÓIA,Curitiba,PR
6f564617-53b6-408e-ab55-b127837856c9,R. AMÉRICO VESPÚCIO,579,81010-250,LINDÓIA,Curitiba,PR
ea92b1d9-afb1-4d01-8500-30ed21ee4a59,R. EMILE ZOLA,91,81010-260,LINDÓIA,Curitiba,PR
f3ae38ef-069b-4a17-a4dc-18579e082d1c,AV. PRESIDENTE WENCESLAU BRAZ,1229,81010-000,LINDÓIA,Curitiba,PR
84e217c5-c36f-4e12-92e8-32b4560cd98d,R. CAMILO CASTELO BRANCO,645,81010-170,LINDÓIA,Curitiba,PR
0e96db7a-29dd-41f2-a0cd-702159011d99,R. EMILE ZOLA,282,81010-260,LINDÓIA,Curitiba,PR
5ea5ba89-1196-4ebb-84bc-3c14ad3feee8,R. NICOLAU SERRATO SOBRINHO,1284,81010-400,LINDÓIA,Curitiba,PR
abc183f7-1832-4406-a1f5-e780e5b26708,R. CONDE DOS ARCOS,485,81010-120,LINDÓIA,Curitiba,PR
179bbcc4-6e98-4fc3-91b7-8ef0eea09a3e,R. VICTOR HUGO,609,81010-130,LINDÓIA,Curitiba,PR
3e5899b5-ff39-4d9a-8531-ded58b873a49,R. CAMILO CASTELO BRANCO,523,81010-170,LINDÓIA,Curitiba,PR
63837995-43a3-4ceb-b49b-1c7815d9dd32,R. ALEIXO BETTEGA,741,81010-280,LINDÓIA,Curitiba,PR
92ee3791-20c5-41c0-a6d9-e860f7b6d2c8,AV. HENRY FORD,1238,81010-100,LINDÓIA,Curitiba,PR
f5644d4d-02aa-4b84-b93c-064cea1cdcf7,R. LEON TOLSTOI,531,81010-090,LINDÓIA,Curitiba,PR
1eb077a0-2524-4921-b898-2f73b75f1288,R. JOSINA RAMOS RÉGIO,175,81010-210,LINDÓIA,Curitiba,PR
7709f474-8c47-481c-ae56-a9835f93b986,R. SANTA JOANA DARC,310,81010-190,LINDÓIA,Curitiba,PR
e4100bd2-e2a2-4e73-ab87-9989efa92244,R. GALILEU GALILEI,460,81010-180,LINDÓIA,Curitiba,PR
6568ef7c-f51f-496e-9815-08ff067b36fd,R. PROFESSOR OSCAR KOLBE,235,81010-240,LINDÓIA,Curitiba,PR
d3f0d436-259c-4446-9279-4fe9d5269578,R. LEON TOLSTOI,1254,81010-090,LINDÓIA,Curitiba,PR
db509cc1-98aa-4a43-83db-8cb348f32068,AV. PRESIDENTE WENCESLAU BRAZ,1893,81010-000,LINDÓIA,Curitiba,PR
92728fb1-67c1-4101-9fa2-a34eb395b285,R. GALILEU GALILEI,834,81010-180,LINDÓIA,Curitiba,PR
6a919d8f-0a1d-45b1-bf04-92a76b33498a,R. ALEIXO BETTEGA,111,81010-280,LINDÓIA,Curitiba,PR
5318155e-a1c0-4271-8553-074eb73c549d,R. CAPITÃO JOÃO ZALESKI,1115,81010-080,LINDÓIA,Curitiba,PR
90d20f7a-73a1-4089-b625-f08619f3b5d9,AV. PRESIDENTE WENCESLAU BRAZ,2661,81010-000,LINDÓIA,Curitiba,PR
ecdb7acc-9ca5-4581-a971-3369764054e1,R. CAPITÃO JOÃO ZALESKI,210,81010-080,LINDÓIA,Curitiba,PR
4bd83fa1-4302-44ff-8c4d-b5a689c82570,AV. PRESIDENTE WENCESLAU BRAZ,2661,81010-000,LINDÓIA,Curitiba,PR
720fff02-88b5-419d-b22d-cb4787d69213,R. LEON TOLSTOI,597,81010-090,LINDÓIA,Curitiba,PR
c4118f26-e434-4b90-b326-bdf2c75fa7a7,AV. PRESIDENTE WENCESLAU BRAZ,2835,81010-000,LINDÓIA,Curitiba,PR
fa32edbd-4798-4419-b31e-66241412a30e,R. TOMÉ DE SOUZA,194,81010-010,LINDÓIA,Curitiba,PR
03c64605-c593-4ac6-b613-e683e27fc481,R. CAPITÃO JOÃO ZALESKI,842,81010-080,LINDÓIA,Curitiba,PR
5dbf38dc-f13c-4a59-bb1a-0f3b1be06069,AV. PRESIDENTE WENCESLAU BRAZ,2835,81010-001,LINDÓIA,Curitiba,PR
4d478de7-3335-4c62-9e13-a8b3ce4ac239,AV. SANTA BERNADETHE,690,81010-200,LINDÓIA,Curitiba,PR
1ede33fe-4dd8-4299-9c72-6b10836e378e,AV. PRESIDENTE WENCESLAU BRAZ,2383,81010-000,LINDÓIA,Curitiba,PR
068d6fe3-1a88-4ed9-b749-95e9ec5e6b81,AV. SANTA BERNADETHE,690,81010-200,LINDÓIA,Curitiba,PR
4cf49f4b-5c79-4aa8-85b8-dcee08da0c95,R. DJALMA FERREIRA MACIEL,580,81010-270,LINDÓIA,Curitiba,PR
a90f255a-fead-442a-9b72-407e18747ee1,R. ALEIXO BETTEGA,691,81010-280,LINDÓIA,Curitiba,PR
147c999c-6506-4e01-a423-ba1627cf71df,R. AMÉRICO VESPÚCIO,636,81010-250,LINDÓIA,Curitiba,PR
cccedfba-f43a-48e6-adac-7ab01f5955b3,AV. HENRY FORD,518,81010-100,LINDÓIA,Curitiba,PR
9d7c222e-d843-46d0-9531-6446d52c30c3,R. CONDE DOS ARCOS,472,81010-120,LINDÓIA,Curitiba,PR
1f3fbcd5-93fb-49e3-9b7f-377ed63b0ef4,R. LEON TOLSTOI,174,81010-090,LINDÓIA,Curitiba,PR
5aa5d0b8-70e9-4c6e-a5b7-632967e727de,R. CAPITÃO JOÃO ZALESKI,1261,81010-080,LINDÓIA,Curitiba,PR
d8540e25-cd07-4ee3-9577-8cef38d58603,R. ILDEFONSO STOCKLER DE FRANÇA,972,81020-040,LINDÓIA,Curitiba,PR
b576d72b-89b4-42a3-9e3a-100ee70bef7e,AV. PRESIDENTE WENCESLAU BRAZ,1893,81010-000,LINDÓIA,Curitiba,PR
314ceff8-bb98-4e03-8eb4-80d50f175ac3,R. CONDE DOS ARCOS,111,81010-120,LINDÓIA,Curitiba,PR
721e8d36-27b9-479b-9272-a230eb2cedff,R. CAPITÃO JOÃO ZALESKI,1860,81010-080,LINDÓIA,Curitiba,PR
de95c6e9-f7ee-41d1-99be-1a9147c14fdd,R. CONDE DOS ARCOS,698,81010-120,LINDÓIA,Curitiba,PR
a20fa2ff-31fb-410d-8999-13371f49ae74,AV. HENRY FORD,2202,81010-100,LINDÓIA,Curitiba,PR
444befc3-ea40-4360-9b05-afd6e27d5392,R. OSCAR WILDE,681,81010-230,LINDÓIA,Curitiba,PR
42b44678-c224-46a0-8e9e-d8471ccc3446,R. CAPITÃO JOÃO ZALESKI,842,81010-080,LINDÓIA,Curitiba,PR
8f856269-5503-4521-9b07-e1c62317298f,R. DJALMA FERREIRA MACIEL,20,81010-286,LINDÓIA,Curitiba,PR
13634cbb-5005-45e2-ad0f-4b951265e1e5,R. LEON TOLSTOI,739,81010-090,LINDÓIA,Curitiba,PR
c0fbf594-16e0-439d-8d88-bd232a7d7ee2,R. TOMÉ DE SOUZA,67,81010-010,LINDÓIA,Curitiba,PR
8ae867ce-ecf7-4e70-a879-90784bd73ff4,R. DJALMA FERREIRA MACIEL,351,80010-270,LINDÓIA,Curitiba,PR
0257f083-63eb-46e5-8d3a-3b68e17d2868,R. CAMILO CASTELO BRANCO,497,81010-170,LINDÓIA,Curitiba,PR
e1de5b90-4d33-4d1a-ad92-81bf727ea989,AV. PRESIDENTE WENCESLAU BRAZ,2311,81010-000,LINDÓIA,Curitiba,PR
c97c1f19-ee86-4f2c-a7d5-decedbfc8f13,R. JOSINA RAMOS RÉGIO,312,81010-210,LINDÓIA,Curitiba,PR
972d6234-cc63-4e43-929c-955640ac741d,AV. HENRY FORD,66,81010-100,LINDÓIA,Curitiba,PR
fcd3baab-99c4-4772-8ce0-4259a1dc98c8,R. DJALMA FERREIRA MACIEL,1044,81010-270,LINDÓIA,Curitiba,PR
526ebfe9-4115-4085-917c-ddc7d70c49eb,R. VICTOR HUGO,608,81010-130,LINDÓIA,Curitiba,PR
1e7b0f62-5157-406d-93f6-750bbfb7f797,R. CONDE DOS ARCOS,455,81010-120,LINDÓIA,Curitiba,PR
c9cbdba2-05ae-43ec-8383-1bc8303939eb,R. LEON TOLSTOI,437,81010-090,LINDÓIA,Curitiba,PR
67d1f5b4-2826-4750-af0e-5eda12ac9d98,R. DJALMA FERREIRA MACIEL,351,81010-270,LINDÓIA,Curitiba,PR
6be3bdff-2115-4f3b-9f75-93f05cc57a14,R. CONDE DOS ARCOS,680,81010-120,LINDÓIA,Curitiba,PR
05ac2fd4-6d23-42e3-9c65-40a3ed05ba70,AV. PRESIDENTE WENCESLAU BRAZ,1229,81010-000,LINDÓIA,Curitiba,PR
838471f9-75a9-451c-986c-593a7609942d,AV. HENRY FORD,1252,81010-100,LINDÓIA,Curitiba,PR
606f8228-cf26-4987-8f20-15e8d4e27420,R. SANTA JOANA DARC,604,81010-190,LINDÓIA,Curitiba,PR
170794f3-6c7d-4ebe-afe8-7aaa173f709c,R. AMÉRICO VESPÚCIO,154,81010-250,LINDÓIA,Curitiba,PR
2f688714-d7f4-4841-8405-3b739611557d,R. GALILEU GALILEI,834,81010-180,LINDÓIA,Curitiba,PR
ed049ca2-a735-494e-9a3b-f912adbbaedd,R. EMILE ZOLA,86,81010-246,LINDÓIA,Curitiba,PR
c30953e8-3e3b-46da-be61-4ecf0e5d5de1,R. DJALMA FERREIRA MACIEL,635,81010-270,LINDÓIA,Curitiba,PR
4306aaad-ce65-4e87-94a6-9a2904cda87b,R. GALILEU GALILEI,450,81010-180,LINDÓIA,Curitiba,PR
87f51b02-49e9-43bd-81a8-edb5e17a6f3f,R. PROFESSOR OSCAR KOLBE,130,81010-240,LINDÓIA,Curitiba,PR
92429393-3d51-4006-88a6-a0f9381273ad,R. EMILE ZOLA,248,81010-260,LINDÓIA,Curitiba,PR
f2bc797b-1418-46e1-b2e2-0a00257658a4,R. VICTOR HUGO,472,81010-130,LINDÓIA,Curitiba,PR
79440508-a03e-4cb8-92b9-37e49718a873,AV. PRESIDENTE WENCESLAU BRAZ,1605,81010-000,LINDÓIA,Curitiba,PR
893d4931-37f2-4b1d-a82a-ec97e393a8e0,R. LEON TOLSTOI,26,81010-090,LINDÓIA,Curitiba,PR
b063d254-aba9-4b09-9241-218b4db2473b,R. CONDE DOS ARCOS,698,81010-120,LINDÓIA,Curitiba,PR
7397f298-bbb5-43ef-9b56-3349c78b96fa,R. CONDE DOS ARCOS,170,81010-120,LINDÓIA,Curitiba,PR
328ebcfd-f523-4716-8442-bb69be26facc,R. CAPITÃO JOÃO ZALESKI,534,81010-080,LINDÓIA,Curitiba,PR
d6199475-1223-4a1b-9a0a-a0123619681f,AV. SANTA BERNADETHE,871,81010-200,LINDÓIA,Curitiba,PR
e2879dd3-6075-4edc-be10-03e5940d4c3e,R. CAMILO CASTELO BRANCO,357,81010-170,LINDÓIA,Curitiba,PR
7b32a546-0d2c-4896-a881-9e3d1aff944c,R. PROFESSOR OSCAR KOLBE,28,81010-240,LINDÓIA,Curitiba,PR
df771675-fec6-4531-abea-1af1f8ef69c4,AV. PRESIDENTE WENCESLAU BRAZ,2957,81010-001,LINDÓIA,Curitiba,PR
6bca78cb-1430-4323-9451-18309d4f0e2b,AV. HENRY FORD,2260,81010-100,LINDÓIA,Curitiba,PR
59c8d7df-ea29-45bc-b74f-2054c76b2ef9,R. LEON TOLSTOI,833,81010-090,LINDÓIA,Curitiba,PR
4ca4fd85-2538-4fc2-b0d8-e402ddd32a52,AV. PRESIDENTE WENCESLAU BRAZ,2035,81010-000,LINDÓIA,Curitiba,PR
52201099-5fa2-45f0-bd51-14d9d4db1230,R. VICTOR HUGO,1349,81010-130,LINDÓIA,Curitiba,PR
78fd7dff-e3db-45be-94c7-dad799364326,R. MEM DE SÁ,432,81010-110,LINDÓIA,Curitiba,PR
06ddbbd3-02f0-4123-9505-0ef83eb8d7a1,R. OSCAR WILDE,816,81010-230,LINDÓIA,Curitiba,PR
f094fc37-73f9-4cd5-a9ca-55d474049b49,R. ALFREDO MAZZA,33,81010-150,LINDÓIA,Curitiba,PR
af4fe05a-3ccc-4bda-9208-778c916ca832,R. JOSINA RAMOS RÉGIO,86,81010-210,LINDÓIA,Curitiba,PR
ee584c7a-1b19-433f-bdba-d39ba5c49df8,AV. PRESIDENTE WENCESLAU BRAZ,1893,81010-000,LINDÓIA,Curitiba,PR
66165bfd-0fa4-4ee6-94ed-a2f4ebba3b6d,AV. SANTA BERNADETHE,1482,81010-200,LINDÓIA,Curitiba,PR
13019f91-17e2-4f3f-a590-046ce2ea7ddc,AV. SANTA BERNADETHE,1482,81010-200,LINDÓIA,Curitiba,PR
0379697d-cdad-415f-9403-f4500e19e203,R. GALILEU GALILEI,234,81010-180,LINDÓIA,Curitiba,PR
478ced24-d2d2-4b84-9669-1cd4bc781b83,AV. PRESIDENTE WENCESLAU BRAZ,1267,81010-000,LINDÓIA,Curitiba,PR
6d4a2155-bfb2-46ff-95bd-e7c3b8fe135c,R. SANTA JOANA DARC,172,81010-190,LINDÓIA,Curitiba,PR
258a9a76-3d52-49e6-9b29-60ee17cd2bd8,AV. SANTA BERNADETHE,690,81010-200,LINDÓIA,Curitiba,PR
a81b60ab-cb61-4d23-854f-0fd65bbef511,R. JAMAICA,96,81010-020,LINDÓIA,Curitiba,PR
eaa963bf-9dd5-4007-bff4-fe34a62c415b,AV. PRESIDENTE WENCESLAU BRAZ,1893,81010-000,LINDÓIA,Curitiba,PR
c3efdc60-b7e8-4218-bdf4-cfc81345eef6,AV. PRESIDENTE WENCESLAU BRAZ,2431,81010-000,LINDÓIA,Curitiba,PR
e238d719-a81b-4c73-af15-1d1027d53daa,R. PROFESSOR OSCAR KOLBE,391,81010-240,LINDÓIA,Curitiba,PR
f7febd8f-0432-4eb8-9134-0312fd1fa08c,R. DJALMA FERREIRA MACIEL,1096,81010-270,LINDÓIA,Curitiba,PR
79b51997-54bf-4905-8c5d-0dba330b8db9,R. DJALMA FERREIRA MACIEL,755,81010-270,LINDÓIA,Curitiba,PR
3f0a8c3e-51e3-4693-873d-0e2f38df4439,R. TOMÉ DE SOUZA,67,81010-010,LINDÓIA,Curitiba,PR
0682a2a6-c0ef-4462-a8d8-fa1ef3bccaec,R. CONDE DOS ARCOS,1301,81010-120,LINDÓIA,Curitiba,PR
c2d242c7-1d87-4d00-8d69-96b47bbc4ac1,AV. HENRY FORD,1164,81010-100,LINDÓIA,Curitiba,PR
e8fe1792-ac14-44b3-a5be-72f37f9b7dd9,R. SANTA JOANA DARC,700,81010-190,LINDÓIA,Curitiba,PR
fbb78555-007a-49c3-ac0e-505e6d402541,R. ANTERO DE QUENTAL,657,81010-150,LINDÓIA,Curitiba,PR
1dd68a83-7e69-4c89-b439-8407e4e677aa,R. ROBERTO KOCH,220,81010-220,LINDÓIA,Curitiba,PR
9ecd69f2-3311-4f17-801f-fbb201df8e31,R. AMÉRICO VESPÚCIO,292,81010-250,LINDÓIA,Curitiba,PR
e9b6db41-6e56-4dde-aedc-99e8a9fc3ccc,R. CONDE DOS ARCOS,645,81010-120,LINDÓIA,Curitiba,PR
ff2e9880-19ab-4958-a892-e2f73d38c2df,R. GALILEU GALILEI,206,81010-180,LINDÓIA,Curitiba,PR
df66e6a7-34e0-452b-bed6-fa1fad6aa23c,R. ANTERO DE QUENTAL,657,81010-150,LINDÓIA,Curitiba,PR
9c998d76-8b38-46d3-996d-74014ab9405b,R. PROFESSOR OSCAR KOLBE,4,81010-240,LINDÓIA,Curitiba,PR
24c8b4ed-3590-4977-9ed1-b05518b6b58b,AV. PRESIDENTE WENCESLAU BRAZ,2523,81010-000,LINDÓIA,Curitiba,PR
212588fd-bff9-4f54-9ce9-8c67cb03a742,R. CAPITÃO JOÃO ZALESKI,1275,81010-080,LINDÓIA,Curitiba,PR
e5c7c03e-6109-426d-9603-27581d6307d9,R. CONDE DOS ARCOS,402,81010-120,LINDÓIA,Curitiba,PR
4f81cf2e-01ee-4242-a913-70408c79b6ef,R. GALILEU GALILEI,450,81010-180,LINDÓIA,Curitiba,PR
4f1283f9-31e3-420e-ac65-5d0b27f968ab,R. LEON TOLSTOI,670,81010-090,LINDÓIA,Curitiba,PR
7a4e7ac1-aff0-4886-b572-4b552d1e6a1e,R. CAMILO CASTELO BRANCO,342,81010-170,LINDÓIA,Curitiba,PR
e7722a7b-d4c4-409e-830e-03d8f04eddf2,R. PAULO ROBERTO MUNHOZ COSTA,114,81010-187,LINDÓIA,Curitiba,PR
4cc87392-7d0e-42f2-b7f2-50c9a30cdeb8,AV. PRESIDENTE WENCESLAU BRAZ,1229,81010-000,LINDÓIA,Curitiba,PR
52c53661-efb9-45a5-a37d-fe9a21cf9d1f,R. AMÉRICO VESPÚCIO,579,81010-250,LINDÓIA,Curitiba,PR
5b7729ce-1a08-43b1-843d-2fa54b3055c6,AV. PRESIDENTE WENCESLAU BRAZ,2601,81010-000,LINDÓIA,Curitiba,PR
63ea24d2-c5d6-4cec-ae3f-9549d1a6acb8,R. CAPITÃO JOÃO ZALESKI,223,81010-080,LINDÓIA,Curitiba,PR
469c372f-d001-4a8b-bdcc-025d057fe4d6,R. LEON TOLSTOI,775,81010-090,LINDÓIA,Curitiba,PR
e7a5d567-8127-47f2-b002-35323c9c0417,R. DUARTE DA COSTA,466,81010-060,LINDÓIA,Curitiba,PR
7156abc4-32b0-4bbd-9d81-b3b30fe7d505,R. AMÉRICO VESPÚCIO,636,81010-250,LINDÓIA,Curitiba,PR
c70aa93d-8b05-493e-b30c-935634fa0e04,AV. PRESIDENTE WENCESLAU BRAZ,1291,81010-000,LINDÓIA,Curitiba,PR
a6c7ebcf-c13e-4f94-957f-75a2d867e372,AV. SANTA BERNADETHE,1462,81010-200,LINDÓIA,Curitiba,PR
8fd10504-4122-4a29-baa5-08c5d83e90e5,AV. PRESIDENTE WENCESLAU BRAZ,2601,81010-000,LINDÓIA,Curitiba,PR
d4d7b362-cf94-452c-bf0f-62bbb072bec9,R. CONDE DOS ARCOS,182,81010-120,LINDÓIA,Curitiba,PR
41dc71df-d21e-4474-bc9b-fa48cfafa180,R. DJALMA FERREIRA MACIEL,1131,81010-270,LINDÓIA,Curitiba,PR
194bca83-2704-4d6d-8f75-8daf2ae684a6,R. NICOLAU SERRATO SOBRINHO,1335,81010-400,LINDÓIA,Curitiba,PR
c7433997-26b2-413a-ba41-c87166aa827b,R. CAPITÃO JOÃO ZALESKI,955,81010-080,LINDÓIA,Curitiba,PR
7433bd0f-9884-49c5-b1dd-82aae86220ed,R. VICTOR HUGO,438,81010-130,LINDÓIA,Curitiba,PR
365bfbff-b052-4c7b-9669-48077ba2f881,AV. PRESIDENTE WENCESLAU BRAZ,2601,81010-000,LINDÓIA,Curitiba,PR
64f042fb-f352-454f-885a-1596598b778a,R. DJALMA FERREIRA MACIEL,858,81010-270,LINDÓIA,Curitiba,PR
8ee6ed17-24a6-4758-bfc0-b706128c4d7b,AV. PRESIDENTE WENCESLAU BRAZ,1605,81010-000,LINDÓIA,Curitiba,PR
df01f4b2-eaf3-4f83-9cba-f946b8b35fdf,R. CAPITÃO JOÃO ZALESKI,842,81010-080,LINDÓIA,Curitiba,PR
e894507a-ed2c-48c8-8e31-b0c290f3acee,R. DJALMA FERREIRA MACIEL,116,81010-270,LINDÓIA,Curitiba,PR
24e6183b-b59b-4a26-9f89-0aa5537440ee,R. CONDE DOS ARCOS,626,81010-120,LINDÓIA,Curitiba,PR
b4171d9f-c9b3-4b1d-b8d8-20908f17b123,R. ALEIXO BETTEGA,597,81010-280,LINDÓIA,Curitiba,PR
54ddb3f4-cc72-4201-8c3a-c816042a18ab,R. EMILE ZOLA,282,81010-260,LINDÓIA,Curitiba,PR
d45ad299-5108-413f-ba69-229787000e9f,R. CONDE DOS ARCOS,1155,81010-120,LINDÓIA,Curitiba,PR
76ec1b90-a1c4-44a8-86ca-14aa015a76a2,R. CONDE DOS ARCOS,426,81010-120,LINDÓIA,Curitiba,PR
9bc1dcb0-7c4e-4cd5-898e-b404e4021734,AV. SANTA BERNADETHE,1153,81010-200,LINDÓIA,Curitiba,PR
730fae8b-d1df-4ae3-844e-a9f0c5d9bb21,R. CONDE DOS ARCOS,170,81010-120,LINDÓIA,Curitiba,PR
10794940-463c-4eeb-ba5a-c5fc07d3c190,R. CONDE DOS ARCOS,1350,81010-120,LINDÓIA,Curitiba,PR
a26d3685-ed5c-4287-9e80-234160455258,R. CAPITÃO JOÃO ZALESKI,842,81010-080,LINDÓIA,Curitiba,PR
31645249-bf34-44c8-b700-225ca7d2c7b6,R. LEON TOLSTOI,833,81010-090,LINDÓIA,Curitiba,PR
9bde5869-363d-4fb5-8815-cde9b03bc45c,R. MEM DE SÁ,462,81010-110,LINDÓIA,Curitiba,PR
d2b28eeb-ef1f-4cb9-8d3a-ab6691083f7b,AV. SANTA BERNADETHE,874,81010-200,LINDÓIA,Curitiba,PR
446bbb35-dbad-49f1-ba4d-f700e37cf36c,R. GALILEU GALILEI,177,81010-180,LINDÓIA,Curitiba,PR
41cb6ccf-175d-4d7b-a78e-0435fbce6e1e,R. AMÉRICO VESPÚCIO,101,81010-250,LINDÓIA,Curitiba,PR
5c255711-3004-41ff-88f7-98242e0f2ab9,R. ALEIXO BETTEGA,285,81010-280,LINDÓIA,Curitiba,PR
1ca00268-e423-460c-8047-0e7e23e9ee89,R. CAMILO CASTELO BRANCO,358,81010-170,LINDÓIA,Curitiba,PR
0fa780be-e300-4d5e-8778-fde72ad7ab73,R. CAPITÃO JOÃO ZALESKI,534,81010-080,LINDÓIA,Curitiba,PR
8d5e6b16-76bb-4add-9948-d19f4de5ad10,R. LEON TOLSTOI,544,81010-090,LINDÓIA,Curitiba,PR
5993d650-92f9-41d0-bc02-2d2eaf4a2b8a,R. LEON TOLSTOI,135,81010-090,LINDÓIA,Curitiba,PR
45da6779-2ce5-4fe5-b279-32da20d1c4ec,AV. HENRY FORD,1870,81010-100,LINDÓIA,Curitiba,PR
4a796bef-6238-4132-a71a-afb7ac8260dd,R. CAPITÃO JOÃO ZALESKI,1013,81010-080,LINDÓIA,Curitiba,PR
8aeee215-4476-4784-b379-18fe2abf7d2c,R. CAPITÃO JOÃO ZALESKI,955,81010-080,LINDÓIA,Curitiba,PR
601430f6-399d-4e10-a834-48ff4ff750da,AV. SANTA BERNADETHE,418,81010-200,LINDÓIA,Curitiba,PR
b8b0d628-6455-44c2-845b-e65b41a38302,R. DJALMA FERREIRA MACIEL,755,81010-270,LINDÓIA,Curitiba,PR
407a3ed0-4f3c-4ec9-ba67-2b411eb3e287,R. VICTOR HUGO,583,81010-130,LINDÓIA,Curitiba,PR
db49d517-e4d0-4f08-8fb5-c625091fab0f,R. TOMÉ DE SOUZA,55,81010-010,LINDÓIA,Curitiba,PR
868b4ac1-4c42-41d7-a546-809754d14ee1,AV. PRESIDENTE WENCESLAU BRAZ,2725,81010-001,LINDÓIA,Curitiba,PR
5df4e18d-db68-4cde-a454-ae77f78f439e,AV. PRESIDENTE WENCESLAU BRAZ,2065,81010-000,LINDÓIA,Curitiba,PR
7f3e6c5d-25a8-4f1a-b1d4-740fba7c620e,R. SANTA JOANA DARC,864,81010-190,LINDÓIA,Curitiba,PR
d2aef7e5-4c1e-4524-bc22-7e2a6b2c5a82,AV. PRESIDENTE WENCESLAU BRAZ,1267,81010-000,LINDÓIA,Curitiba,PR
cc1cc29c-511e-47fb-9f64-667c164e6bc4,AV. SANTA BERNADETHE,1361,81010-200,LINDÓIA,Curitiba,PR
e5d53a2b-8e9d-48be-9055-20bf1b54926d,R. TOMÉ DE SOUZA,66,81010-010,LINDÓIA,Curitiba,PR
35193619-c65c-4f6f-ab19-7d3ddc4a32a8,R. NICOLAU SERRATO SOBRINHO,1348,81010-100,LINDÓIA,Curitiba,PR
846ad9ee-9836-424a-8702-c69a508acf3c,R. CAPITÃO JOÃO ZALESKI,510,81010-080,LINDÓIA,Curitiba,PR
ec49a78d-2dc9-4001-830c-26e243c3c914,R. LEON TOLSTOI,725,81010-090,LINDÓIA,Curitiba,PR
c7a4f116-ba70-47c3-bcd1-692780a33365,R. MEM DE SÁ,462,81010-110,LINDÓIA,Curitiba,PR
1466e8fe-a4e9-45b6-857b-64ea3fb78984,AV. PRESIDENTE WENCESLAU BRAZ,1893,81010-000,LINDÓIA,Curitiba,PR
e8c0ea91-842d-4bc4-8a9f-d6470de29177,R. CAPITÃO JOÃO ZALESKI,842,81010-080,LINDÓIA,Curitiba,PR
c0c273ef-5acc-4ed5-ae6d-227659cf6417,R. ALEIXO BETTEGA,703,81010-280,LINDÓIA,Curitiba,PR
ce820f53-5738-44f9-9cf2-ba6b0af5dd11,AV. PRESIDENTE WENCESLAU BRAZ,2221,81010-000,LINDÓIA,Curitiba,PR
3cb9a73b-d97e-45f3-a540-b69b35129a33,R. LEON TOLSTOI,651,81010-090,LINDÓIA,Curitiba,PR
5213bd2f-b802-4c43-85b5-f4eef9903cb3,R. CAPITÃO JOÃO ZALESKI,1752,81010-080,LINDÓIA,Curitiba,PR
439fde6c-e067-425f-a7b4-5f32fff405fc,R. LEON TOLSTOI,949,81010-090,LINDÓIA,Curitiba,PR
6bdbaab8-dcc5-4fb3-9c70-170c309a699e,AV. PRESIDENTE WENCESLAU BRAZ,1893,81010-000,LINDÓIA,Curitiba,PR
6ba663c3-38ce-47ae-803a-afbf6f1fe3b5,R. TOMÉ DE SOUZA,146,81010-010,LINDÓIA,Curitiba,PR
af6f7be5-50a5-496b-afbd-39290cd83ce5,R. CAPITÃO JOÃO ZALESKI,635,81010-080,LINDÓIA,Curitiba,PR
f91750b1-60c3-47cf-a38a-80ab4bbea407,AV. SANTA BERNADETHE,1131,81010-200,LINDÓIA,Curitiba,PR
2b82cbe8-51b0-44b1-8ba7-4eecff6a5181,R. CONDE DOS ARCOS,170,81010-120,LINDÓIA,Curitiba,PR
d9edd3be-d3da-410a-803f-1e36dd3e555b,R. CONDE DOS ARCOS,485,81010-120,LINDÓIA,Curitiba,PR
d93a930d-b2b2-4e45-86fb-503346f60f1a,R. LEON TOLSTOI,520,81010-090,LINDÓIA,Curitiba,PR
235e0f5d-a83e-45b1-ad03-8c38dfce93c8,R. CAPITÃO JOÃO ZALESKI,1910,81010-080,LINDÓIA,Curitiba,PR
e40a237b-ee54-4816-a515-f05a7d1bbeee,R. LEON TOLSTOI,1180,81010-090,LINDÓIA,Curitiba,PR
24bbaf56-f641-435c-9391-1c74036cc558,R. CAPITÃO JOÃO ZALESKI,1286,81010-080,LINDÓIA,Curitiba,PR
86fad9f8-f35a-4f41-af7e-e761b6a54a8b,R. ALEIXO BETTEGA,741,81010-280,LINDÓIA,Curitiba,PR
0b43a248-a5e5-4275-a85b-e260f3a21082,R. PROFESSOR OSCAR KOLBE,218,81010-240,LINDÓIA,Curitiba,PR
d9c21c35-ead1-40fc-92c3-843637167c81,AV. SANTA BERNADETHE,690,81010-200,LINDÓIA,Curitiba,PR
c8793dec-bd9f-4960-8e42-28af1d0dcbf1,R. VICTOR HUGO,608,81010-130,LINDÓIA,Curitiba,PR
a9ec13ac-df2a-41f1-a04a-70551b150a0a,R. GALILEU GALILEI,336,81010-180,LINDÓIA,Curitiba,PR
888c8dcd-5d66-4d49-b604-566f82c2e2cf,R. OSCAR WILDE,174,81010-230,LINDÓIA,Curitiba,PR
a230ce54-056b-4cc7-a13a-ba33bd8e35af,R. CAMILO CASTELO BRANCO,302,81010-170,LINDÓIA,Curitiba,PR
82ac5573-465b-4887-b8f5-29874580c5a1,AV. HENRY FORD,1238,81010-100,LINDÓIA,Curitiba,PR
66c2da11-953c-4a5b-910f-99472eeacf77,R. LEON TOLSTOI,935,81010-090,LINDÓIA,Curitiba,PR
c313157e-9ae0-4643-896e-0a2a31a8a98b,R. ALEIXO BETTEGA,741,81010-280,LINDÓIA,Curitiba,PR
424f07a8-572a-49b1-a3c4-982a5cf1f7e0,R. LEON TOLSTOI,1190,81010-090,LINDÓIA,Curitiba,PR
d1f8a707-2057-4166-b08a-c6f540b60d02,R. CONDE DOS ARCOS,1136,81010-120,LINDÓIA,Curitiba,PR
a97da6c1-d0b3-4e3e-9a3a-4124606d7118,R. CAPITÃO JOÃO ZALESKI,1250,81010-080,LINDÓIA,Curitiba,PR
fc78ffb5-ddf2-46b8-b4c8-a9409996f991,R. CONDE DOS ARCOS,1208,81010-120,LINDÓIA,Curitiba,PR
4c1c004d-2482-43ad-8ff6-656522278e20,R. ALFREDO MAZZA,104,81010-160,LINDÓIA,Curitiba,PR
9a7d1c45-c91c-4d81-aff4-49f0ce96951a,R. CAPITÃO JOÃO ZALESKI,1275,81010-080,LINDÓIA,Curitiba,PR
5309bc1a-19d3-4f92-879e-068a16c1c089,R. LEON TOLSTOI,185,81010-090,LINDÓIA,Curitiba,PR
11946242-b20d-4bd4-94a5-f24bf57ef0e0,R. LEON TOLSTOI,290,81010-090,LINDÓIA,Curitiba,PR
bdf1de23-f42f-4491-9c22-6e423e1a87d1,AV. SANTA BERNADETHE,710,81010-200,LINDÓIA,Curitiba,PR
db017dab-378c-4d39-b097-74179d1cd0d9,AV. PRESIDENTE WENCESLAU BRAZ,1893,81010-000,LINDÓIA,Curitiba,PR
d38ede23-3fe3-4aa3-8243-eb27c3f1d61b,AV. PRESIDENTE WENCESLAU BRAZ,1893,81010-000,LINDÓIA,Curitiba,PR
fff5b151-e979-4d4a-8905-f8879af82cb2,R. LEON TOLSTOI,597,81010-090,LINDÓIA,Curitiba,PR
403981ee-f34d-4f25-9529-a545dc980725,AV. PRESIDENTE WENCESLAU BRAZ,1893,81010-000,LINDÓIA,Curitiba,PR
2d5934fb-d983-40c9-9ccd-923ee8693687,R. ILDEFONSO STOCKLER DE FRANÇA,963,81020-040,LINDÓIA,Curitiba,PR
650edb10-8d4c-4830-815d-15d60e7dd47f,R. LEON TOLSTOI,1122,81010-090,LINDÓIA,Curitiba,PR
7c3c4c67-f21b-4b27-b7da-d1a5b95e0b8f,R. SANTA JOANA DARC,134,81010-190,LINDÓIA,Curitiba,PR
60b17102-ae01-43b1-aa2c-2f91e870164c,R. CAPITÃO JOÃO ZALESKI,1411,81010-080,LINDÓIA,Curitiba,PR
88348d08-66fd-4be7-a213-791f1233026f,R. DJALMA FERREIRA MACIEL,268,81010-270,LINDÓIA,Curitiba,PR
5ec8fb22-419a-4df0-84cf-ec9e19629b26,AV. PRESIDENTE WENCESLAU BRAZ,274,81030-030,LINDÓIA,Curitiba,PR
a878c7fb-f588-4f32-8d11-4a2195d9063d,R. CONDE DOS ARCOS,1095,81010-120,LINDÓIA,Curitiba,PR
18343268-71bc-45e2-834b-fa480dd3e4c3,AV. HENRY FORD,2134,81010-090,LINDÓIA,Curitiba,PR
cc483d9a-b2f9-4cda-9ca2-572021923b9b,R. CONDE DOS ARCOS,488,81010-120,LINDÓIA,Curitiba,PR
8bbc859b-7265-4889-a93c-341c2b8e26c9,R. LEON TOLSTOI,1038,81010-090,LINDÓIA,Curitiba,PR
a80fbfc4-1a49-452e-8760-020b8afa8915,AV. PRESIDENTE WENCESLAU BRAZ,2925,81010-001,LINDÓIA,Curitiba,PR
c84ec127-0f26-4263-9714-04f63c3c5747,R. CAPITÃO JOÃO ZALESKI,1069,81010-080,LINDÓIA,Curitiba,PR
8bb24911-6514-46b6-b8eb-9e8ba4e9aadf,R. VICTOR HUGO,472,81010-130,LINDÓIA,Curitiba,PR
9210d4d5-4a71-45c4-8f74-b550d2c6f44d,R. OSCAR WILDE,907,81010-230,LINDÓIA,Curitiba,PR
418f14cf-9557-4253-a08b-849de8d42818,R. MEM DE SÁ,592,81010-110,LINDÓIA,Curitiba,PR
d4507f4b-d11f-429b-b43c-af572f25fd5c,R. CAPITÃO JOÃO ZALESKI,842,81010-080,LINDÓIA,Curitiba,PR
acf92579-c2bb-43f4-bd31-76bd091db44e,R. SANTA JOANA DARC,893,81010-190,LINDÓIA,Curitiba,PR
7fd541de-5128-4621-85bb-9d97ce91ca33,AV. PRESIDENTE WENCESLAU BRAZ,1893,81010-000,LINDÓIA,Curitiba,PR
f98e8c73-a460-4504-b445-57fa41a199f4,R. PROFESSOR OSCAR KOLBE,228,81010-240,LINDÓIA,Curitiba,PR
b2e64797-d6b9-422a-a42a-1ac054d0df87,R. AMÉRICO VESPÚCIO,579,81010-250,LINDÓIA,Curitiba,PR
4809d548-9dd6-4f00-ae51-1d23ff55359b,R. CONDE DOS ARCOS,388,81010-120,LINDÓIA,Curitiba,PR
62a53390-7121-49d3-869b-fc49b5f67576,AV. PRESIDENTE WENCESLAU BRAZ,1349,81010-000,LINDÓIA,Curitiba,PR
05b19a06-aee4-4951-9ce0-f32d4ce2416d,AV. PRESIDENTE WENCESLAU BRAZ,2615,81010-000,LINDÓIA,Curitiba,PR
19237c75-7bcf-44ed-9f89-c821a44f1e3f,R. CONDE DOS ARCOS,68,81010-120,LINDÓIA,Curitiba,PR
aa540453-1f7c-44b6-b316-8c54f7e6c121,AV. SANTA BERNADETHE,894,81010-200,LINDÓIA,Curitiba,PR
7cbc4b9c-4256-4324-8a85-e364225f4915,R. DJALMA FERREIRA MACIEL,690,81010-270,LINDÓIA,Curitiba,PR
3029d168-2875-4e8e-b1c3-3a3a21fdd5d4,AV. HENRY FORD,2260,81010-100,LINDÓIA,Curitiba,PR
b1160ea2-cbad-4a51-8f9f-c70145cbd5ed,R. ALEIXO BETTEGA,433,81010-280,LINDÓIA,Curitiba,PR
6fe24216-0fe6-4ebd-b23e-485feefe5879,R. GALILEU GALILEI,484,81010-180,LINDÓIA,Curitiba,PR
ecd4a6b6-c0ce-41c1-ac78-344db99ee3d7,R. AMÉRICO VESPÚCIO,636,81010-250,LINDÓIA,Curitiba,PR
89f7eee6-f604-4cc1-8d48-abb6ba8fa114,R. AMÉRICO VESPÚCIO,636,81010-250,LINDÓIA,Curitiba,PR
1e573935-dd1f-4b6c-8cec-abcd52358afa,R. CONDE DOS ARCOS,1183,81010-120,LINDÓIA,Curitiba,PR
0828457e-d59a-4301-87fd-d834a576b70b,R. JOSINA RAMOS RÉGIO,357,81010-210,LINDÓIA,Curitiba,PR
8333f5a6-f78b-4456-a2ed-40d95a65cb8b,AV. SANTA BERNADETHE,994,81010-200,LINDÓIA,Curitiba,PR
f91d3012-d29a-4c72-b8b1-94b27eb5abe6,AV. PRESIDENTE WENCESLAU BRAZ,1893,81010-000,LINDÓIA,Curitiba,PR
20389702-f4f5-4eac-aa20-1c0662eb5d52,AV. PRESIDENTE WENCESLAU BRAZ,1267,81010-000,LINDÓIA,Curitiba,PR
4a3fd590-c0d7-4378-aea2-0f4f455de933,R. AMÉRICO VESPÚCIO,350,81010-250,LINDÓIA,Curitiba,PR
ef7ff4d4-29c6-4c3e-a8ea-c5e7b774568f,R. ALFREDO MAZZA,32,81010-160,LINDÓIA,Curitiba,PR
aeafabe6-14bd-42aa-a66d-d4c962d770c6,R. LEON TOLSTOI,443,81010-090,LINDÓIA,Curitiba,PR
47b4907d-0012-460e-93bb-b6ec89fbae54,R. SANTA JOANA DARC,327,81010-190,LINDÓIA,Curitiba,PR
eb6f3cba-8f5f-44d5-94a7-f62c17a34249,R. CAPITÃO JOÃO ZALESKI,681,81010-080,LINDÓIA,Curitiba,PR
beb5e5e6-effa-4e33-8ace-f195c87eb7b0,R. ANTERO DE QUENTAL,384,81010-150,LINDÓIA,Curitiba,PR
119b0ded-7bc0-4f49-959e-1982e6efbf9f,AV. SANTA BERNADETHE,1254,81010-200,LINDÓIA,Curitiba,PR
ac97b597-529e-4642-9397-da327848f552,AV. HENRY FORD,856,81010-100,LINDÓIA,Curitiba,PR
e9c8e581-9b2f-4107-a59f-6d9190db5beb,R. ALEXANDRE SALATA,437,81010-030,LINDÓIA,Curitiba,PR
155bf8af-c03e-4e91-b629-da21e0fe5ff8,R. CAPITÃO JOÃO ZALESKI,311,81010-080,LINDÓIA,Curitiba,PR
76afe583-7ee2-4884-8519-75ade50c231d,R. EMILE ZOLA,538,81010-260,LINDÓIA,Curitiba,PR
95f7209d-3916-4b58-b7c8-50c2eea7c249,R. CAPITÃO JOÃO ZALESKI,1310,81010-080,LINDÓIA,Curitiba,PR
cd14542d-d0a2-4492-904d-66183cdd0683,R. JOSINA RAMOS RÉGIO,357,81010-210,LINDÓIA,Curitiba,PR
252e5b10-b59f-4a86-a8e7-738d92557011,R. LEON TOLSTOI,788,81010-090,LINDÓIA,Curitiba,PR
5b07ebc5-d2a4-49df-aa0a-b1071df04055,R. CAPITÃO JOÃO ZALESKI,1310,81010-080,LINDÓIA,Curitiba,PR
d8249fb2-302c-4ef0-9c6c-ef97a2ed8c02,R. GALILEU GALILEI,234,81010-180,LINDÓIA,Curitiba,PR
53335ad3-0e7f-4386-9bbd-65a5c6060055,R. ALEXANDRE SALATA,530,81010-030,LINDÓIA,Curitiba,PR
17b2a428-be89-4e4e-a200-af2d8f758d8a,R. ROBERTO KOCH,584,81010-220,LINDÓIA,Curitiba,PR
83cda83e-60c2-40ed-adee-fbc74cf0b2b1,R. DJALMA FERREIRA MACIEL,690,80010-270,LINDÓIA,Curitiba,PR
8e3eca7a-16bf-492f-abda-14c74f406a4e,R. LEON TOLSTOI,1051,81010-090,LINDÓIA,Curitiba,PR
5363af19-6195-47b1-b841-654b099ba3cc,R. CAPITÃO JOÃO ZALESKI,1874,81010-080,LINDÓIA,Curitiba,PR
3c9e71b6-f19b-491b-9d11-c0f15892a1b3,R. AMÉRICO VESPÚCIO,60,81010-250,LINDÓIA,Curitiba,PR
8ccef77a-b271-411c-ba2b-5716b49486af,R. VICTOR HUGO,701,81010-130,LINDÓIA,Curitiba,PR
326ab02b-f890-46ba-bb10-1fea03d8b925,R. GALILEU GALILEI,337,81010-180,LINDÓIA,Curitiba,PR
366527dd-63c0-4024-abf6-7c7a611e17bd,R. VICTOR HUGO,438,81010-130,LINDÓIA,Curitiba,PR
6b54ea8c-aec4-4579-a332-4d5fb78e58cc,R. CONDE DOS ARCOS,488,81010-120,LINDÓIA,Curitiba,PR
d993e498-f314-481e-a09e-0cd95ed6e8bc,AV. SANTA BERNADETHE,813,81010-200,LINDÓIA,Curitiba,PR
97f6e7a8-757b-4bcc-8410-12ddb73ff86b,R. EMILE ZOLA,301,81010-260,LINDÓIA,Curitiba,PR
66546abf-0335-49e2-9268-0f3f6801165a,R. CAPITÃO JOÃO ZALESKI,1013,81010-080,LINDÓIA,Curitiba,PR
45601360-cff3-4b69-bc46-fdd3a2d731be,R. CONDE DOS ARCOS,1169,81010-120,LINDÓIA,Curitiba,PR
00c4d407-d948-400e-83be-721da7be9487,R. CONDE DOS ARCOS,1310,81010-120,LINDÓIA,Curitiba,PR
9a3471d2-1e36-4383-b95c-20abb7e9999e,R. GALILEU GALILEI,9,81010-180,LINDÓIA,Curitiba,PR
21d85152-b7a2-49b2-903d-4dbe5d30a2b1,R. CONDE DOS ARCOS,204,81010-120,LINDÓIA,Curitiba,PR
fca99967-f79b-401d-8def-3781ffa0a31a,AV. PRESIDENTE WENCESLAU BRAZ,2661,81010-000,LINDÓIA,Curitiba,PR
51dbd527-6242-4998-9c21-c270fbf4c323,R. JOSINA RAMOS RÉGIO,44,81010-210,LINDÓIA,Curitiba,PR
492721d8-baa1-4c33-98c6-8167ad23070a,AV. HENRY FORD,892,81010-100,LINDÓIA,Curitiba,PR
c1a03e38-2b03-46ac-9cae-da3601b74bdd,R. OSCAR WILDE,436,81010-230,LINDÓIA,Curitiba,PR
68ab492e-ba8e-4623-a191-3ed20d4c3c05,R. ANTERO DE QUENTAL,652,81010-150,LINDÓIA,Curitiba,PR
01b68fea-5245-4e46-aaef-68da25202d43,R. LEON TOLSTOI,423,81010-090,LINDÓIA,Curitiba,PR
9cd5c482-e4ea-4e15-ae42-e9e0b5df5186,R. SANTA JOANA DARC,532,81010-190,LINDÓIA,Curitiba,PR
d57ca166-aaae-4d6a-b7c7-223c36193b39,R. CAPITÃO JOÃO ZALESKI,235,81010-080,LINDÓIA,Curitiba,PR
c4aa6d07-1cf7-4b03-a898-106a5f9578eb,R. AMÉRICO VESPÚCIO,154,81010-250,LINDÓIA,Curitiba,PR
12a278ce-ad54-43a1-873e-f6c6ae86997b,AV. SANTA BERNADETHE,790,81010-270,LINDÓIA,Curitiba,PR
e3733aba-cd61-439c-b817-85e89ef0f77f,AV. SANTA BERNADETHE,1050,81010-200,LINDÓIA,Curitiba,PR
078fe4a7-b379-4039-ba2b-ec0ce04d1d69,R. LEON TOLSTOI,671,81010-090,LINDÓIA,Curitiba,PR
709dda98-cd2d-426c-8da7-10da7b1a26f0,R. AMÉRICO VESPÚCIO,472,81010-250,LINDÓIA,Curitiba,PR
34db68c2-803b-4f2b-a2ce-d7904bf8455a,R. PROFESSOR OSCAR KOLBE,210,81010-240,LINDÓIA,Curitiba,PR
73e962ff-12b9-4052-adc0-b2ad1921d52d,AV. HENRY FORD,598,81010-100,LINDÓIA,Curitiba,PR
f50ffe65-eefb-41bd-ae42-06a3f52525cf,R. CONDE DOS ARCOS,1317,81010-120,LINDÓIA,Curitiba,PR
ad2cb43e-4da2-45dd-a4fc-658ec6391265,R. CAMILO CASTELO BRANCO,497,81010-170,LINDÓIA,Curitiba,PR
5f9e73a2-623e-4e4c-bbe6-9965391485a8,R. CONDE DOS ARCOS,1136,81010-120,LINDÓIA,Curitiba,PR
16a713af-85d0-4658-8857-00b579552d0f,R. CAPITÃO JOÃO ZALESKI,1920,81010-080,LINDÓIA,Curitiba,PR
9846bd91-8f6e-40b7-8797-a6857a190195,AV. PRESIDENTE WENCESLAU BRAZ,1893,81010-000,LINDÓIA,Curitiba,PR
c08bcfde-b969-4416-896c-ca3f73e4f0f4,AV. PRESIDENTE WENCESLAU BRAZ,1055,81010-100,LINDÓIA,Curitiba,PR
cf11fe52-feb2-4476-b8fe-49ebb46bdc19,R. VICTOR HUGO,20,81010-130,LINDÓIA,Curitiba,PR
0b0455f3-ae6c-4e8f-b132-f860e74dc7ad,R. CONDE DOS ARCOS,388,81010-120,LINDÓIA,Curitiba,PR
ad1e4538-3ea8-496f-8286-561d10f71716,R. LEON TOLSTOI,1300,81010-090,LINDÓIA,Curitiba,PR
ba36285c-02cf-41fd-974b-20df7a41f24c,R. OSCAR WILDE,486,81010-230,LINDÓIA,Curitiba,PR
7d169644-76d1-4195-85da-09f365a97b06,AV. PRESIDENTE WENCESLAU BRAZ,1985,81010-000,LINDÓIA,Curitiba,PR
fcfe3e7a-7c1c-4469-8a42-7b5e7f2f4b26,R. ALEIXO BETTEGA,495,81010-280,LINDÓIA,Curitiba,PR
f2cedf28-8920-4477-be88-b6acb683b286,R. DJALMA FERREIRA MACIEL,535,81010-270,LINDÓIA,Curitiba,PR
968f9ef4-c7fb-4a94-8b4f-bcd0aad99d7f,R. OSCAR WILDE,934,81010-230,LINDÓIA,Curitiba,PR
7571912f-5176-4af4-808e-db8e01414f1b,R. LEON TOLSTOI,913,81010-090,LINDÓIA,Curitiba,PR
b9680ac1-1107-4fbd-850e-21216b520588,AV. SANTA BERNADETHE,1032,81010-200,LINDÓIA,Curitiba,PR
e09a306f-0df9-4e8a-9d98-1bbb0e73691f,R. CAPITÃO JOÃO ZALESKI,1647,81010-080,LINDÓIA,Curitiba,PR
bf3fead7-ce12-4af7-8f60-9dfaa0568334,R. AMÉRICO VESPÚCIO,60,81010-250,LINDÓIA,Curitiba,PR
d057535e-5d44-446c-a2b1-5b0ae69bca53,R. LEON TOLSTOI,1180,81010-090,LINDÓIA,Curitiba,PR
11c71e08-7fee-4676-8f94-932ca6c56f28,R. LEON TOLSTOI,278,81010-090,LINDÓIA,Curitiba,PR
0d14a7f3-b989-4581-becf-b4e6d2ad5b6d,R. ALEIXO BETTEGA,111,81010-280,LINDÓIA,Curitiba,PR
19632032-433a-42fe-b048-c6b21b205b71,R. DUARTE DA COSTA,623,81010-060,LINDÓIA,Curitiba,PR
44c51b8e-aecc-4bb1-9ef3-a668218bd2ad,AV. PRESIDENTE WENCESLAU BRAZ,2983,81010-001,LINDÓIA,Curitiba,PR
f4ff213f-a204-4b6f-bd45-ceb95a4aeb8b,R. DJALMA FERREIRA MACIEL,352,81010-270,LINDÓIA,Curitiba,PR
051d1166-af26-481b-8135-d088decf9232,R. PROFESSOR OSCAR KOLBE,321,81010-240,LINDÓIA,Curitiba,PR
4df25708-5d40-443b-b263-eb6df52988da,R. EMILE ZOLA,126,81010-260,LINDÓIA,Curitiba,PR
3cd802c6-a62e-4bce-a035-65d81a65b6d2,R. ALEIXO BETTEGA,359,81010-280,LINDÓIA,Curitiba,PR
3f5152cc-cf11-4198-b985-2676c85b3829,AV. SANTA BERNADETHE,1122,81010-120,LINDÓIA,Curitiba,PR
7ea3be3a-7531-420c-9849-1a982b3b60c1,R. SANTA JOANA DARC,869,81010-190,LINDÓIA,Curitiba,PR
8be3716d-babc-4978-8cad-bc3a67bbeeb2,R. LEON TOLSTOI,798,81010-090,LINDÓIA,Curitiba,PR
7e4eabf9-026f-420f-af0c-c43d63d7dbdd,R. DJALMA FERREIRA MACIEL,755,81010-270,LINDÓIA,Curitiba,PR
517b1cbf-038d-4627-a5fa-b89470da417c,R. SANTA JOANA DARC,580,81010-190,LINDÓIA,Curitiba,PR
d4d778bb-53a5-4742-a7d0-103984186699,R. OSCAR WILDE,682,81010-230,LINDÓIA,Curitiba,PR
72768dba-9179-4f81-ad65-d639124f8a3a,R. ALEIXO BETTEGA,495,81010-280,LINDÓIA,Curitiba,PR
2fdfe550-4fcf-44a6-8dae-75eed8bd2bcb,R. SANTA JOANA DARC,820,81010-190,LINDÓIA,Curitiba,PR
097def1a-96e2-4530-99f9-0824ab482a80,R. ROBERTO KOCH,880,81010-220,LINDÓIA,Curitiba,PR
226543b1-6194-4c09-8351-4953218fc75f,R. VICTOR HUGO,738,81010-130,LINDÓIA,Curitiba,PR
d6505f4e-b9b5-410c-ac8c-775a89791a0c,R. LEON TOLSTOI,365,81010-090,LINDÓIA,Curitiba,PR
de084ac1-0f84-407e-ab77-c5f8327d9626,R. CONDE DOS ARCOS,1109,81010-120,LINDÓIA,Curitiba,PR
3ec05bd4-f3fa-4e73-8a1f-c297225caa2a,R. OSCAR WILDE,174,81010-230,LINDÓIA,Curitiba,PR
67849c26-9361-46d6-911b-213e517b16cc,R. JOSINA RAMOS RÉGIO,365,81010-210,LINDÓIA,Curitiba,PR
7f27dc4f-5ff1-4ef4-b635-977809e95925,R. SANTA JOANA DARC,310,81010-190,LINDÓIA,Curitiba,PR
aa8ce002-5aaa-440b-8fee-7ed9006a123f,R. LEON TOLSTOI,1264,81010-090,LINDÓIA,Curitiba,PR
eea15464-5494-4b73-a655-f837f72e3761,R. CAPITÃO JOÃO ZALESKI,311,81010-080,LINDÓIA,Curitiba,PR
6fe0ef66-1e4d-4435-95d4-c3cb4c498713,R. CAPITÃO JOÃO ZALESKI,1334,81010-080,LINDÓIA,Curitiba,PR
cce175b2-40cc-4f35-b83a-bc0c31053200,R. PROFESSOR OSCAR KOLBE,218,81010-240,LINDÓIA,Curitiba,PR
c3985f16-0f57-4ae8-a090-12c2ffacb76f,R. VICTOR HUGO,721,81010-130,LINDÓIA,Curitiba,PR
3744fa9d-c5a7-4bdc-8883-5bbd645b3334,R. AMÉRICO VESPÚCIO,373,81010-250,LINDÓIA,Curitiba,PR
f77c3863-fd18-44fc-a267-bbbb43cc96df,AV. SANTA BERNADETHE,1495,81010-200,LINDÓIA,Curitiba,PR
bbc5756d-b474-4dd2-9b5f-db4b52617a99,R. CONDE DOS ARCOS,426,81010-120,LINDÓIA,Curitiba,PR
7cda42f6-ede9-495f-8abe-0c575d63bae8,R. LEON TOLSTOI,775,81010-090,LINDÓIA,Curitiba,PR
cc51378d-0cda-4320-8e43-f65fd1a40894,R. EMILE ZOLA,245,81010-260,LINDÓIA,Curitiba,PR
7e9899c1-b2e5-4d64-9356-d44e6c43689f,R. LEON TOLSTOI,936,81010-090,LINDÓIA,Curitiba,PR
ce068fea-bea4-4fa4-b575-1987952b6d89,R. PROFESSOR OSCAR KOLBE,228,81010-240,LINDÓIA,Curitiba,PR
aaa57568-9641-4e4f-bf70-5e416026c493,R. EMILE ZOLA,146,81010-260,LINDÓIA,Curitiba,PR
1e819af3-7625-485d-8b82-d8629fd57726,R. PROFESSOR OSCAR KOLBE,121,81010-240,LINDÓIA,Curitiba,PR
71023ae2-eef7-454d-a84c-a35650f89c1d,R. LEON TOLSTOI,1075,81010-090,LINDÓIA,Curitiba,PR
67f961b1-7d43-40a6-80bc-2e007ab81c74,R. CAPITÃO JOÃO ZALESKI,1335,81010-080,LINDÓIA,Curitiba,PR
56284b3c-b5e7-4c49-83d8-d8e13208e04f,R. ANTERO DE QUENTAL,493,81010-150,LINDÓIA,Curitiba,PR
4767e54b-71e4-44f8-9f4a-10a45f4c8982,R. CONDE DOS ARCOS,1301,81010-120,LINDÓIA,Curitiba,PR
c326d933-7d13-4f1e-ae98-c1d3001d8131,R. CAPITÃO JOÃO ZALESKI,842,81010-080,LINDÓIA,Curitiba,PR
74f36dae-06a4-43b2-9509-7d650accfdac,R. CAMILO CASTELO BRANCO,215,81010-170,LINDÓIA,Curitiba,PR
29cc8d26-68e3-4896-992c-8fc0bc338b08,AV. SANTA BERNADETHE,813,81010-200,LINDÓIA,Curitiba,PR
179fe346-cb81-4c23-8d3f-6c3d3714ecee,R. CONDE DOS ARCOS,426,81010-120,LINDÓIA,Curitiba,PR
a40a9273-6ccd-4780-936e-d5ab8f092dba,R. JOSINA RAMOS RÉGIO,56,81010-210,LINDÓIA,Curitiba,PR
98dc5eef-99ca-48c0-b98e-a81b4b032801,AV. PRESIDENTE WENCESLAU BRAZ,2591,81010-000,LINDÓIA,Curitiba,PR
e875df2c-d099-4f3b-b34b-c35bf25193b8,R. ALEIXO BETTEGA,741,81010-280,LINDÓIA,Curitiba,PR
cb0b54a0-9980-4aa5-aaec-c1451e00ab5b,R. LEON TOLSTOI,329,81010-090,LINDÓIA,Curitiba,PR
7f271dc5-700e-40d5-9862-2c4bee0b19b0,R. CONDE DOS ARCOS,156,81010-120,LINDÓIA,Curitiba,PR
7c6ac820-ad3c-44e2-ad1d-1e7898520869,AV. PRESIDENTE WENCESLAU BRAZ,1229,81010-000,LINDÓIA,Curitiba,PR
af8c297c-4ce0-4b36-8431-618f881ad033,AV. SANTA BERNADETHE,690,81010-200,LINDÓIA,Curitiba,PR
a4f6d61f-37ad-41d9-80ad-52595aa71a3e,R. SANTA JOANA DARC,449,81010-190,LINDÓIA,Curitiba,PR
7f9e19b0-c402-4163-97a1-04331e740fe2,AV. PRESIDENTE WENCESLAU BRAZ,1965,81010-000,LINDÓIA,Curitiba,PR
a11b60fd-dc4e-4e27-8ab5-6d501b0b0a37,AV. HENRY FORD,532,81010-100,LINDÓIA,Curitiba,PR
81173231-f6e5-45e4-8449-a437bd65ddd5,R. OSCAR WILDE,23,81010-230,LINDÓIA,Curitiba,PR
93cdfbbd-38e1-4bb8-bac4-acfa3cd68e87,AV. PRESIDENTE WENCESLAU BRAZ,1229,81010-000,LINDÓIA,Curitiba,PR
c5a9ae4d-37c3-4692-954c-00449277178d,R. GALILEU GALILEI,234,81010-180,LINDÓIA,Curitiba,PR
820ec272-b646-4039-976b-769a6d9b9904,AV. PRESIDENTE WENCESLAU BRAZ,2581,81010-000,LINDÓIA,Curitiba,PR
7f9d20cc-5a34-473b-ae5d-0e80a7e47270,R. AMÉRICO VESPÚCIO,636,81010-250,LINDÓIA,Curitiba,PR
1721a21e-9a41-498a-b701-ed8365e16902,R. CAPITÃO JOÃO ZALESKI,337,81010-080,LINDÓIA,Curitiba,PR
5b9a8e79-0203-4899-995f-dc4de01af17c,AV. PRESIDENTE WENCESLAU BRAZ,2955,81010-001,LINDÓIA,Curitiba,PR
1ee598cb-2c50-4aeb-ae51-c597c79566a3,R. DJALMA FERREIRA MACIEL,604,81010-270,LINDÓIA,Curitiba,PR
c38feabe-490f-44ee-8a5f-37db44316309,AV. PRESIDENTE WENCESLAU BRAZ,1615,81010-000,LINDÓIA,Curitiba,PR
0002b7b3-f11f-41a6-a56d-ead50228bffd,AV. PRESIDENTE WENCESLAU BRAZ,1893,81010-000,LINDÓIA,Curitiba,PR
d3220613-1798-4d41-a614-6dbfdf21446f,R. DJALMA FERREIRA MACIEL,1166,81010-270,LINDÓIA,Curitiba,PR
c84b4076-44ca-4c29-89fe-4a2a524ce017,AV. PRESIDENTE WENCESLAU BRAZ,2931,81010-001,LINDÓIA,Curitiba,PR
ae9bad64-3b5e-4fce-95d2-9b0d24e394a6,R. TOMÉ DE SOUZA,194,81010-010,LINDÓIA,Curitiba,PR
fd990347-9c01-41d5-995d-610a41dc67ce,R. PROFESSOR OSCAR KOLBE,225,81010-240,LINDÓIA,Curitiba,PR
ee0c000d-79b0-4da2-9690-c064ae660aaa,R. CONDE DOS ARCOS,698,81010-120,LINDÓIA,Curitiba,PR
ca078461-c28a-42a9-b7f4-991a4f1a1a98,R. ANTERO DE QUENTAL,211,81010-150,LINDÓIA,Curitiba,PR
e10224ff-9683-43c5-b153-b56472787094,R. ILDEFONSO STOCKLER DE FRANÇA,1016,81020-040,LINDÓIA,Curitiba,PR
c8c569d3-8c2b-4e1b-87a1-1d01c22438b5,R. LEON TOLSTOI,1063,81010-090,LINDÓIA,Curitiba,PR
d72e32dd-a92c-4e8d-b287-3c52f268d4cb,R. JOSINA RAMOS RÉGIO,323,81010-210,LINDÓIA,Curitiba,PR
b26634ba-7286-44cc-9d0c-68837ace466d,R. CAMILO CASTELO BRANCO,127,81010-080,LINDÓIA,Curitiba,PR
9c889b34-796b-45ca-a53a-f1d3ff308662,R. CAPITÃO JOÃO ZALESKI,383,81010-080,LINDÓIA,Curitiba,PR
00c2bb81-73a3-405a-adfb-475b0f62bba1,R. PAULO ROBERTO MUNHOZ COSTA,29,81010-187,LINDÓIA,Curitiba,PR
08e8d41f-4273-40c2-8ee3-a32f6f986043,R. PROFESSOR OSCAR KOLBE,93,81010-240,LINDÓIA,Curitiba,PR
ad2c1839-c4ff-4493-8109-06129617651a,R. AMÉRICO VESPÚCIO,636,81010-250,LINDÓIA,Curitiba,PR
0767a66a-da67-416f-852b-49dd80b1b27f,R. ALEXANDRE SALATA,408,81010-030,LINDÓIA,Curitiba,PR
c1899086-dac8-4c7e-8ecb-34eee7116dc6,R. CONDE DOS ARCOS,170,81010-120,LINDÓIA,Curitiba,PR
b8fa3189-6f13-453b-8bc5-87db876c36c6,R. LEON TOLSTOI,1078,81010-090,LINDÓIA,Curitiba,PR
663045d8-ce9c-4184-a9fb-2a2fd4e5e248,AV. HENRY FORD,880,81010-100,LINDÓIA,Curitiba,PR
23039a22-965d-4f28-8425-563447ecac3f,R. TOMÉ DE SOUZA,194,81010-010,LINDÓIA,Curitiba,PR
fdfbb7d1-934f-4e3f-9648-695e42a7e8fc,AV. SANTA BERNADETHE,1131,81010-200,LINDÓIA,Curitiba,PR
c9483ff7-f536-47c2-8f6f-e506dae9aeb8,R. LEON TOLSTOI,365,81010-090,LINDÓIA,Curitiba,PR
8439279d-d963-4bff-90b3-469b12baac8c,R. ANTERO DE QUENTAL,303,81010-150,LINDÓIA,Curitiba,PR
9fc777aa-0f4f-462a-876c-07c16336dfe6,AV. PRESIDENTE WENCESLAU BRAZ,2683,81010-000,LINDÓIA,Curitiba,PR
35546f92-e364-43c7-b7fb-fd6aefa87d20,R. AMÉRICO VESPÚCIO,60,81010-250,LINDÓIA,Curitiba,PR
bb739a2a-f59a-4dff-832d-dcb85793576b,AV. PRESIDENTE WENCESLAU BRAZ,2509,81010-000,LINDÓIA,Curitiba,PR
9dab48c0-d23d-4650-916d-5ad1a3b75163,AV. SANTA BERNADETHE,1131,81010-200,LINDÓIA,Curitiba,PR
a44d9b2a-e5f2-45ef-99b4-b5a29baed61e,R. CONDE DOS ARCOS,720,81010-120,LINDÓIA,Curitiba,PR
9a09a87b-7a5f-49be-8d34-0258f75fc760,AV. PRESIDENTE WENCESLAU BRAZ,1243,81010-000,LINDÓIA,Curitiba,PR
0a9f1c37-058c-4159-a624-7309d3f766d0,R. TOMÉ DE SOUZA,67,81010-010,LINDÓIA,Curitiba,PR
c88e6d27-ef44-460a-8d59-b33dc86276d1,R. CAMILO CASTELO BRANCO,665,81010-170,LINDÓIA,Curitiba,PR
c2b7fd9b-bffe-4bec-83a8-7decb8ce9adc,R. DJALMA FERREIRA MACIEL,1182,81010-270,LINDÓIA,Curitiba,PR
a8fc26f7-c532-44bf-ba79-08e52bad7a4e,AV. SANTA BERNADETHE,868,81010-200,LINDÓIA,Curitiba,PR
e4e2c6c7-f352-4442-a955-dae1b0833cf7,R. LEON TOLSTOI,515,81010-090,LINDÓIA,Curitiba,PR
ffe2495b-4a59-4e3c-9d4a-8e3c1ce8b5c6,R. JOSINA RAMOS RÉGIO,55,81010-210,LINDÓIA,Curitiba,PR
2b68d03f-f801-453c-b0b3-078a80bcd974,R. CONDE DOS ARCOS,347,81010-120,LINDÓIA,Curitiba,PR
50e56a8d-56b2-4772-82a1-f501ab6cef75,R. ALEIXO BETTEGA,87,81010-280,LINDÓIA,Curitiba,PR
baf49963-ca37-4341-abaf-195ff3a56451,R. SANTA JOANA DARC,869,81010-190,LINDÓIA,Curitiba,PR
7ca91c64-fd63-4685-9b77-d14be47ab6d8,R. CONDE DOS ARCOS,662,81010-000,LINDÓIA,Curitiba,PR
f4292610-4e8c-4d02-9245-ed1f15e17409,AV. PRESIDENTE WENCESLAU BRAZ,1893,81010-000,LINDÓIA,Curitiba,PR
0cef62e2-1fe5-4dfc-97cd-cacd12a5c27e,R. CONDE DOS ARCOS,1311,81010-120,LINDÓIA,Curitiba,PR
34bfd0a0-06fa-42c6-abb0-8c06bd306184,R. LEON TOLSTOI,531,81010-090,LINDÓIA,Curitiba,PR
d8b3407f-ff72-4e3e-9006-b04ed127af95,R. TOMÉ DE SOUZA,180,81010-010,LINDÓIA,Curitiba,PR
cdbcc774-f6dd-4da7-bded-377458fbdc22,R. SANTA JOANA DARC,310,81010-190,LINDÓIA,Curitiba,PR
a42136c6-ec13-4b21-acc4-fb06738500de,R. AMÉRICO VESPÚCIO,295,81010-250,LINDÓIA,Curitiba,PR
60295108-04d8-4c44-862a-d9b66e29fff1,AV. HENRY FORD,1870,81010-100,LINDÓIA,Curitiba,PR
4b8addc3-8998-480f-b17d-00f44d241d09,R. LEON TOLSTOI,1340,81010-090,LINDÓIA,Curitiba,PR
0719c57d-c049-4d74-9ec1-40b84f95980f,R. LEON TOLSTOI,761,81010-090,LINDÓIA,Curitiba,PR
4f759ddf-85e9-499a-83db-760b2e8bd8b4,R. EMILE ZOLA,476,81010-260,LINDÓIA,Curitiba,PR
94ea4f05-d7fc-44a8-9064-fc5f6103b5c1,R. PROFESSOR OSCAR KOLBE,218,81010-240,LINDÓIA,Curitiba,PR
5e717a6e-5167-4a72-9f85-bc0cf2673b7b,R. AMÉRICO VESPÚCIO,649,81010-250,LINDÓIA,Curitiba,PR
bdca29d0-587b-4f0f-8ce2-831612cb421a,R. CONDE DOS ARCOS,698,81010-120,LINDÓIA,Curitiba,PR
355836e0-6b4a-41a2-addc-edc987caec3a,R. CAPITÃO JOÃO ZALESKI,842,81010-080,LINDÓIA,Curitiba,PR
422eba23-5e03-433e-872d-3a4ea1b9fd20,R. CAPITÃO JOÃO ZALESKI,842,81010-080,LINDÓIA,Curitiba,PR
78434a37-f3e2-43e6-b7c3-69bbe4538fef,AV. PRESIDENTE WENCESLAU BRAZ,2661,81010-000,LINDÓIA,Curitiba,PR
fad45c8f-7be5-4a23-b7c6-e95db541a6b7,R. AMÉRICO VESPÚCIO,579,81010-250,LINDÓIA,Curitiba,PR
9eedd4a8-8479-4f5b-8275-228a53451038,R. CAPITÃO JOÃO ZALESKI,1275,81010-080,LINDÓIA,Curitiba,PR
29c7ae26-6814-48c6-94b9-30626516893d,AV. PRESIDENTE WENCESLAU BRAZ,2485,81010-000,LINDÓIA,Curitiba,PR
6e6ebdfa-8b9b-4bd4-b0f7-9eca03ba7484,R. CONDE DOS ARCOS,426,81010-120,LINDÓIA,Curitiba,PR
36a5fc20-e647-41ad-8304-b1fdf02d3aaa,R. EMILE ZOLA,146,81010-260,LINDÓIA,Curitiba,PR
c7fd8221-0a75-4a29-abdc-6df0bc0817c4,R. ANTERO DE QUENTAL,560,81010-150,LINDÓIA,Curitiba,PR
5b3e0756-0227-4459-894d-697b148e0bb8,R. CORONEL AMÉRICO WALGER,158,81860-050,LINDÓIA,Curitiba,PR
27b7d19f-0c63-4a2b-afc4-43ad76be27de,AV. PRESIDENTE WENCESLAU BRAZ,2221,81010-000,LINDÓIA,Curitiba,PR
8b52fce5-4ce7-47bb-9591-4a9bc199b5e5,R. TOMÉ DE SOUZA,42,81010-010,LINDÓIA,Curitiba,PR
b6ef1cca-8b20-4ba9-9fc1-0ad7ed9f84f5,R. ALEXANDRE SALATA,385,81010-030,LINDÓIA,Curitiba,PR
2dcbf42b-daa6-4b81-a97e-f73d7be4a9d9,R. NICOLAU SERRATO SOBRINHO,1189,81010-400,LINDÓIA,Curitiba,PR
a7a2640d-336a-45a2-b162-ad8113de2196,AV. PRESIDENTE WENCESLAU BRAZ,1893,81010-000,LINDÓIA,Curitiba,PR
62af49a5-21ee-490f-80fd-7bd04018bd1b,R. TOMÉ DE SOUZA,194,81010-010,LINDÓIA,Curitiba,PR
daa2997a-8f5b-4669-933f-1d1095abb224,R. GALILEU GALILEI,197,81010-180,LINDÓIA,Curitiba,PR
50e3ec4c-8707-4618-a664-feff66bd5dd5,R. ALEIXO BETTEGA,433,81010-280,LINDÓIA,Curitiba,PR
0405ea95-e9e9-40f0-a873-7292895a6186,R. JOSINA RAMOS RÉGIO,335,81010-210,LINDÓIA,Curitiba,PR
5ed6c535-5b4f-4ca8-b19b-7f6764b5a069,R. ALEIXO BETTEGA,307,81010-280,LINDÓIA,Curitiba,PR
b2a12937-ce12-4515-a0fe-131f900b6c25,R. ROBERTO KOCH,1042,81010-220,LINDÓIA,Curitiba,PR
08c66a2f-828e-404e-9fc2-8a4aab3caff0,R. CAPITÃO JOÃO ZALESKI,842,81010-080,LINDÓIA,Curitiba,PR
c216ea95-8b6d-47b6-aec3-c83d67c32aec,R. SANTA JOANA DARC,310,81010-190,LINDÓIA,Curitiba,PR
0fbf1851-a889-4626-a18c-ef25cc3913dd,AV. SANTA BERNADETHE,813,81010-200,LINDÓIA,Curitiba,PR
7fba7060-00d7-42b8-a4e2-a7a543bb386b,AV. PRESIDENTE WENCESLAU BRAZ,2725,81010-001,LINDÓIA,Curitiba,PR
13479ed4-d086-471d-bf24-4a7a0109b3dc,R. VICTOR HUGO,318,81010-130,LINDÓIA,Curitiba,PR
e7fb2e77-9129-492b-9ffe-6c9134f0359c,R. OSCAR WILDE,412,81010-230,LINDÓIA,Curitiba,PR
00c58ca6-f329-44df-8ccf-0422bb8e7dbd,R. GALILEU GALILEI,445,81010-180,LINDÓIA,Curitiba,PR
9dd1d3f8-0427-4532-aeac-2ef2f131a70d,R. LEON TOLSTOI,492,81010-090,LINDÓIA,Curitiba,PR
4a64cc00-9a74-464e-9679-a71f50f1d748,R. SANTA JOANA DARC,310,81010-190,LINDÓIA,Curitiba,PR
ba2e023d-dc8c-43ab-b354-7bffec6c1f4d,AV. SANTA BERNADETHE,1401,81010-200,LINDÓIA,Curitiba,PR
ddd610a8-a14d-4bbe-a6c6-736d70683638,R. CAPITÃO JOÃO ZALESKI,842,81010-080,LINDÓIA,Curitiba,PR
6ed8c61f-c687-4d13-ad8a-ca03e16c93c8,R. LEON TOLSTOI,834,81010-090,LINDÓIA,Curitiba,PR
8f82aad2-52a2-4444-b710-df09f1054f53,AV. PRESIDENTE WENCESLAU BRAZ,1893,81010-000,LINDÓIA,Curitiba,PR
f2d85134-89b7-4cc3-bfc5-2c9dde2ff963,R. AMÉRICO VESPÚCIO,444,81010-250,LINDÓIA,Curitiba,PR
024ecdf0-e92c-47c8-bf83-4fc235246751,R. DJALMA FERREIRA MACIEL,775,81010-270,LINDÓIA,Curitiba,PR
f65b2796-274e-4286-bbc9-6dbb637ad758,R. AMÉRICO VESPÚCIO,649,81010-250,LINDÓIA,Curitiba,PR
2c718eab-cffe-4014-8b11-f3e267cad4e6,TV. JEFERSON REIS ROSA,85,81010-152,LINDÓIA,Curitiba,PR
82689c4f-2c20-4582-b13e-8a8e25072e81,AV. HENRY FORD,2074,81010-100,LINDÓIA,Curitiba,PR
44c5eaa4-c2b7-4374-bdb7-f4623ef8316a,R. SANTA JOANA DARC,270,81010-190,LINDÓIA,Curitiba,PR
c0996625-e596-4c0b-8fb8-37ed6566c297,AV. SANTA BERNADETHE,920,81010-200,LINDÓIA,Curitiba,PR
8b6228ab-fb22-4dc4-b5b6-e0e2d54b0604,R. ROBERTO KOCH,260,81010-220,LINDÓIA,Curitiba,PR
3357a807-b75b-4780-a8af-25c20a9d6e2c,R. CAPITÃO JOÃO ZALESKI,842,81010-080,LINDÓIA,Curitiba,PR
d2e88dc4-01e3-4d89-8d92-7104fb39b412,R. CAMILO CASTELO BRANCO,653,81010-170,LINDÓIA,Curitiba,PR
1af96eab-eafc-4705-a52f-7b0b9514c536,R. LEON TOLSTOI,1075,81010-090,LINDÓIA,Curitiba,PR
a8fc1e2b-4d40-4055-98b0-8986687d26f9,R. ALEIXO BETTEGA,285,81010-280,LINDÓIA,Curitiba,PR
06a17311-7292-453a-b154-e38e9ceea40e,AV. SANTA BERNADETHE,1254,81010-200,LINDÓIA,Curitiba,PR
475245ad-9aa6-457e-a73d-24acbe65165f,R. CONDE DOS ARCOS,716,81010-120,LINDÓIA,Curitiba,PR
b081066e-88cd-441d-9fa2-e3bda90418d2,R. AMÉRICO VESPÚCIO,502,81010-250,LINDÓIA,Curitiba,PR
209ac314-7ad4-46ab-8245-8d373d30249c,R. LEON TOLSTOI,955,81010-090,LINDÓIA,Curitiba,PR
1913006b-f993-4e12-9d1b-e2e7376d4799,R. LEON TOLSTOI,277,81010-090,LINDÓIA,Curitiba,PR
1e16c5f5-1c3d-4297-8c54-19882167d0d4,R. AMÉRICO VESPÚCIO,154,81010-250,LINDÓIA,Curitiba,PR
c364a923-523b-4aef-90ce-d9435aa1cd61,AV. PRESIDENTE WENCESLAU BRAZ,1439,81010-000,LINDÓIA,Curitiba,PR
096961ba-4fa8-4357-b094-0b8abec6f234,R. CAPITÃO JOÃO ZALESKI,669,81010-080,LINDÓIA,Curitiba,PR
9ee8cf26-d992-40ef-87fc-dbb449831215,AV. HENRY FORD,1870,81010-100,LINDÓIA,Curitiba,PR
528004b9-1a6d-421d-9131-c290134d7cb0,AV. SANTA BERNADETHE,454,81010-200,LINDÓIA,Curitiba,PR
b7a3edc8-879b-4c5f-ba8f-0d8acb096af1,R. MEM DE SÁ,591,81010-110,LINDÓIA,Curitiba,PR
a73f0352-357a-4b2e-a5c0-606bb2e4a28b,R. ANTERO DE QUENTAL,483,81010-150,LINDÓIA,Curitiba,PR
899d426d-b453-447a-b54c-8d4db35432ad,R. GALILEU GALILEI,450,81010-180,LINDÓIA,Curitiba,PR
2c916648-5068-46dd-a2a8-fef76864fe5d,R. ILDEFONSO STOCKLER DE FRANÇA,983,81010-200,LINDÓIA,Curitiba,PR
6f2efc79-0df3-455b-8a68-adac81b336f5,R. PROFESSOR OSCAR KOLBE,301,81010-240,LINDÓIA,Curitiba,PR
a8021e51-b6bd-4271-8d5d-dd4c43f8da75,R. PROFESSOR OSCAR KOLBE,130,81010-120,LINDÓIA,Curitiba,PR
b40bab5d-acf4-4f28-84dc-b46cbeaa2d31,R. GALILEU GALILEI,336,81010-180,LINDÓIA,Curitiba,PR
f3eb5d2b-a3e6-4ca4-a5ef-3b8e128ca740,R. ALEXANDRE SALATA,531,81010-030,LINDÓIA,Curitiba,PR
ecfc6f63-83e3-46de-afd4-7bef5dce7a8d,R. PROFESSOR OSCAR KOLBE,355,81010-240,LINDÓIA,Curitiba,PR
ea8e8c19-d5a3-48de-ba35-9b87862471ef,AV. PRESIDENTE WENCESLAU BRAZ,1229,81010-000,LINDÓIA,Curitiba,PR
fe28d7c1-c5f2-49ba-94df-2d025d5c8a2f,R. DJALMA FERREIRA MACIEL,945,81010-270,LINDÓIA,Curitiba,PR
9d4de9a3-3e3d-4440-9b7b-bfae4a2ab44a,AV. PRESIDENTE WENCESLAU BRAZ,2205,81010-000,LINDÓIA,Curitiba,PR
5cc64074-f880-4a40-afbf-79cddcf7b73d,R. LEON TOLSTOI,670,81010-090,LINDÓIA,Curitiba,PR
f31a8ad4-38cf-4115-b731-0d4a88b8112b,AV. PRESIDENTE WENCESLAU BRAZ,2925,81010-001,LINDÓIA,Curitiba,PR
6846f0ff-91b8-4da6-a5d0-afdc65e87c9d,R. SANTA JOANA DARC,465,81010-190,LINDÓIA,Curitiba,PR
d5f57506-c15e-4349-9a32-30d39b26afa7,R. CONDE DOS ARCOS,194,81010-120,LINDÓIA,Curitiba,PR
7935e587-9e12-4ab3-9eb4-63f6f4b900e9,AV. PRESIDENTE WENCESLAU BRAZ,2425,81010-000,LINDÓIA,Curitiba,PR
e04a1439-19e1-4dd1-ae4d-fb07392ea82f,R. ALEIXO BETTEGA,481,81010-280,LINDÓIA,Curitiba,PR
1f037748-7482-4dac-aa3e-663712602b8e,R. SANTA JOANA DARC,852,81010-190,LINDÓIA,Curitiba,PR
8a58f469-6ffe-4872-b534-e7bb80ac7921,R. JOSINA RAMOS RÉGIO,220,81010-210,LINDÓIA,Curitiba,PR
a8cecc3b-b3b0-4a90-8e5e-4c3a43a3cd71,R. LEON TOLSTOI,1028,81010-090,LINDÓIA,Curitiba,PR
1c7d69b1-1659-4804-a9ac-1233a498a55e,R. LEON TOLSTOI,220,81010-090,LINDÓIA,Curitiba,PR
caab2a90-9e85-4529-a3ff-09481d7dee9a,R. MEM DE SÁ,592,81010-110,LINDÓIA,Curitiba,PR
4eef2bf7-d0a1-49e6-bd98-c3e2d502a84f,R. ANTERO DE QUENTAL,652,81010-150,LINDÓIA,Curitiba,PR
4d701268-8148-4325-8207-a6cc65903082,AV. HENRY FORD,1170,81010-100,LINDÓIA,Curitiba,PR
74361062-83d2-4ab6-a124-0676f11fa4b5,R. CAPITÃO JOÃO ZALESKI,669,81010-080,LINDÓIA,Curitiba,PR
16ee2be3-9bb7-410a-ae58-da1c5432a9de,R. OSCAR WILDE,180,81010-230,LINDÓIA,Curitiba,PR
21e40b34-3b28-43d0-804a-c51fa99debb3,R. ANTERO DE QUENTAL,458,81010-150,LINDÓIA,Curitiba,PR
90a59186-ae1e-4f31-80ce-364ca75dbd9f,R. CONDE DOS ARCOS,25,81010-120,LINDÓIA,Curitiba,PR
fcfe7cf2-1b3e-4c6e-bb2d-d479ea216fb7,R. CONDE DOS ARCOS,698,81010-120,LINDÓIA,Curitiba,PR
0d6bc459-7401-4987-bd67-299d1832e4fb,R. ROBERTO KOCH,344,81010-220,LINDÓIA,Curitiba,PR
d300d247-d823-4700-8448-db4eb04579c8,R. LEON TOLSTOI,1300,81010-090,LINDÓIA,Curitiba,PR
865974cf-1e22-4938-9ddb-77e425173bf0,AV. PRESIDENTE WENCESLAU BRAZ,2835,81010-001,LINDÓIA,Curitiba,PR
fe2fe5ce-1f78-40c8-857e-cb8038823689,R. LEON TOLSTOI,75,81010-090,LINDÓIA,Curitiba,PR
6c0f5dad-782f-4ac6-8b18-d2a94117e772,R. ANTONIO PIRES DA SILVA,48,81010-182,LINDÓIA,Curitiba,PR
147036a7-4c8a-4a62-b752-c5be0a461018,R. AMÉRICO VESPÚCIO,463,81010-250,LINDÓIA,Curitiba,PR
082d1fc4-7c9e-42a1-b939-be664f513041,R. ALEIXO BETTEGA,597,81010-280,LINDÓIA,Curitiba,PR
a9c1e397-7151-486f-ace9-70eacc35e67e,AV. PRESIDENTE WENCESLAU BRAZ,2313,81010-000,LINDÓIA,Curitiba,PR
1c3f5e97-ac76-48fd-916f-b51d5e13a910,R. JOSINA RAMOS RÉGIO,86,81010-210,LINDÓIA,Curitiba,PR
f642129c-42a3-4923-9b90-a99c5c859726,AV. SANTA BERNADETHE,855,81010-200,LINDÓIA,Curitiba,PR
0a834bd1-89da-4dae-a22c-f72170a86de5,R. OSCAR WILDE,825,81010-230,LINDÓIA,Curitiba,PR
a5b567eb-db77-4f51-aab9-ffe4bba7042e,R. JOSINA RAMOS RÉGIO,357,81010-210,LINDÓIA,Curitiba,PR
70b08634-cfe7-4be7-96c6-7800365826f5,R. JOSINA RAMOS RÉGIO,365,81010-210,LINDÓIA,Curitiba,PR
514650a3-1d96-4314-b1e6-b339c54a50c0,R. JOSINA RAMOS RÉGIO,80,81010-210,LINDÓIA,Curitiba,PR
3ed6e21c-000f-4bcc-9377-99e2ba98283d,R. AMÉRICO VESPÚCIO,636,81010-250,LINDÓIA,Curitiba,PR
59501c70-505e-4537-a23d-fb50be97b819,R. CONDE DOS ARCOS,111,81010-120,LINDÓIA,Curitiba,PR
e28ea924-0b3e-400a-8ca4-9e1b0501b614,R. CAPITÃO JOÃO ZALESKI,1275,81010-080,LINDÓIA,Curitiba,PR
1f7320a8-f417-4671-8708-b343ccefc002,R. OSCAR WILDE,486,81010-230,LINDÓIA,Curitiba,PR
7d9058e9-7ad8-4795-9cbd-548667f9ab70,R. ROBERTO KOCH,915,81010-220,LINDÓIA,Curitiba,PR
d010e3bf-6697-4cf1-b8ee-94fa7089e4e3,AV. SANTA BERNADETHE,787,81010-200,LINDÓIA,Curitiba,PR
000209d5-5516-46e4-b665-05fb893cd1a1,R. LEON TOLSTOI,633,81010-090,LINDÓIA,Curitiba,PR
b59604b2-c326-43eb-a8c4-6f126d9a5009,R. ROBERTO KOCH,757,81010-220,LINDÓIA,Curitiba,PR
15d1f1cf-a4ba-492a-92b2-bad72f58ff5e,R. CONDE DOS ARCOS,438,81010-120,LINDÓIA,Curitiba,PR
41986067-9874-41de-9964-12f4bfb909a9,R. CAMILO CASTELO BRANCO,189,81010-170,LINDÓIA,Curitiba,PR
0bdc3591-dea5-4a07-934f-933e686af1c0,AV. PRESIDENTE WENCESLAU BRAZ,2725,81010-001,LINDÓIA,Curitiba,PR
acc3a59f-23fe-4822-a902-24495eaad0c6,R. ALEIXO BETTEGA,433,81010-280,LINDÓIA,Curitiba,PR
3bbb1662-08ec-4003-a0af-dcbc595f70c1,AV. SANTA BERNADETHE,690,81010-200,LINDÓIA,Curitiba,PR
b333b17f-f51d-4861-828b-0d19855a46bd,R. CAPITÃO JOÃO ZALESKI,1299,81010-080,LINDÓIA,Curitiba,PR
5ce68eb7-7386-422b-8353-ecf941f494e2,R. LEON TOLSTOI,1063,81010-090,LINDÓIA,Curitiba,PR
4323b754-b557-435d-9792-7187ffad4d23,R. LEON TOLSTOI,833,81010-090,LINDÓIA,Curitiba,PR
c515d865-50c3-49c9-befb-9c5e2cc7b46c,R. TOMÉ DE SOUZA,145,81010-010,LINDÓIA,Curitiba,PR
437d6583-dc56-4306-844b-f9187087a9de,R. SANTA JOANA DARC,292,81010-190,LINDÓIA,Curitiba,PR
e2e7b771-b2dc-4cc7-8bc4-463c56c8b4ae,R. DJALMA FERREIRA MACIEL,945,81010-270,LINDÓIA,Curitiba,PR
c9c7185f-52dc-4f16-bbbd-6815c6119708,R. JOSINA RAMOS RÉGIO,45,81010-210,LINDÓIA,Curitiba,PR
5c3cb655-b63c-4686-b95b-8dfe30af029b,R. CAPITÃO JOÃO ZALESKI,842,81010-080,LINDÓIA,Curitiba,PR
63f06dfa-f220-4ef8-b856-ec8435448b77,R. CAMILO CASTELO BRANCO,516,81010-170,LINDÓIA,Curitiba,PR
f9131aa0-9610-48a5-be01-6e811c9be557,R. DJALMA FERREIRA MACIEL,589,81010-270,LINDÓIA,Curitiba,PR
4ed65043-41d9-49f7-b364-993c6ff28d13,R. SANTA JOANA DARC,842,81010-190,LINDÓIA,Curitiba,PR
1d95d554-348a-4cc5-8aff-9b8927127f07,R. ALEIXO BETTEGA,443,81010-280,LINDÓIA,Curitiba,PR
0d5b93c5-69a2-47c1-a29c-bff6717c9efe,R. DJALMA FERREIRA MACIEL,1182,81010-270,LINDÓIA,Curitiba,PR
cff92306-0f48-4e50-a060-d6316fa79b2d,R. AMÉRICO VESPÚCIO,636,81010-250,LINDÓIA,Curitiba,PR
587ce999-47f0-4c6a-b7d2-644cfd80dd17,R. LEON TOLSTOI,1114,81010-090,LINDÓIA,Curitiba,PR
1b7a7106-959a-45af-9d23-1dd09020f866,AV. PRESIDENTE WENCESLAU BRAZ,2661,81010-000,LINDÓIA,Curitiba,PR
5a847a78-3096-4008-ad67-53069e6814e6,R. AMÉRICO VESPÚCIO,351,81010-250,LINDÓIA,Curitiba,PR
b5a5fbaa-e29b-41b0-bed5-50c07ef2344c,R. DJALMA FERREIRA MACIEL,1082,81010-270,LINDÓIA,Curitiba,PR
78c28bf7-9b87-4907-b78a-1c130c838024,R. LEON TOLSTOI,775,81010-090,LINDÓIA,Curitiba,PR
8db75cad-3330-480f-85e9-dc21b4ea2773,AV. PRESIDENTE WENCESLAU BRAZ,1995,81010-000,LINDÓIA,Curitiba,PR
aceb0691-262a-4bfa-a3d0-06dd08365fff,R. CONDE DOS ARCOS,80,81010-120,LINDÓIA,Curitiba,PR
f02643ae-3ca5-4536-902f-0a07cc3ae1c2,R. LEON TOLSTOI,663,81010-090,LINDÓIA,Curitiba,PR
0e237236-0f37-4cae-b07d-6ed01d87995d,AV. SANTA BERNADETHE,920,81010-200,LINDÓIA,Curitiba,PR
3604bc0d-73e2-4ee7-9761-65afaa5ca98c,R. LEON TOLSTOI,26,81010-090,LINDÓIA,Curitiba,PR
08f78fde-b1d8-4944-8c58-d056fa81a054,AV. HENRY FORD,518,81010-100,LINDÓIA,Curitiba,PR
45a35e0f-775b-4292-9fe0-cb1dfab1acc8,R. EMILE ZOLA,237,81010-260,LINDÓIA,Curitiba,PR
7d903189-5383-4d8a-9fb5-c1574ed944a0,AV. PRESIDENTE WENCESLAU BRAZ,1893,81010-000,LINDÓIA,Curitiba,PR
6b888805-8b2b-4e9c-8ecc-a56c4d6d32db,R. CAPITÃO JOÃO ZALESKI,842,81010-080,LINDÓIA,Curitiba,PR
c198d9eb-83eb-4822-bf93-fd8c3c5c2b60,R. LEON TOLSTOI,269,81010-090,LINDÓIA,Curitiba,PR
45a877d0-8bd7-4c5d-b0ec-ffaec9f1cbbd,AV. PRESIDENTE WENCESLAU BRAZ,1893,81010-000,LINDÓIA,Curitiba,PR
06ca5641-73f8-486b-bad6-c1cd24c38721,R. GALILEU GALILEI,484,81010-180,LINDÓIA,Curitiba,PR
034a11cc-0f62-498d-b7c9-d45290524b49,R. CONDE DOS ARCOS,1567,81010-120,LINDÓIA,Curitiba,PR
d63bfff6-85d4-4fa1-95a9-03c389fdbb0e,R. AMÉRICO VESPÚCIO,364,81010-250,LINDÓIA,Curitiba,PR
757a3bfb-da6b-4ffc-9d70-ca58c2a52acd,AV. SANTA BERNADETHE,1401,81010-200,LINDÓIA,Curitiba,PR
36d2a1b4-c6dc-43ac-8514-a33af130d9cd,R. ALEIXO BETTEGA,467,81010-280,LINDÓIA,Curitiba,PR
cee46f85-2e18-49df-94e2-80929e805e30,R. GALILEU GALILEI,2092,81010-180,LINDÓIA,Curitiba,PR
50bfbc66-5f30-4fb9-b76f-2828240d336d,R. CONDE DOS ARCOS,194,81010-120,LINDÓIA,Curitiba,PR
dd4cfdf0-7b8a-4a02-8971-924d98630a78,AV. PRESIDENTE WENCESLAU BRAZ,1337,81010-000,LINDÓIA,Curitiba,PR
110fbce0-120c-4de7-9d6a-940b7f486a20,R. OSCAR WILDE,632,81010-230,LINDÓIA,Curitiba,PR
f65bbf85-d5d6-4e22-9f53-00c49ca7b60f,R. CONDE DOS ARCOS,1317,81010-120,LINDÓIA,Curitiba,PR
a8fc0fca-5804-49ff-92ac-a77b392355ae,R. ANTERO DE QUENTAL,211,81010-150,LINDÓIA,Curitiba,PR
ccb18d4e-caad-4fff-bad5-725579ad2717,AV. PRESIDENTE WENCESLAU BRAZ,2581,81101-000,LINDÓIA,Curitiba,PR
d960a314-47ee-4e55-bd0c-82cf610d2280,R. CONDE DOS ARCOS,716,81010-120,LINDÓIA,Curitiba,PR
286bb93d-b1d0-4d0a-80ad-4e9884fc57f9,R. ALEIXO BETTEGA,741,81010-280,LINDÓIA,Curitiba,PR
027c2611-2217-4979-b895-c814b4450126,R. CONDE DOS ARCOS,195,81010-120,LINDÓIA,Curitiba,PR
b25157d2-b7a7-4199-bbca-d73cd6a33fce,R. TOMÉ DE SOUZA,67,81010-010,LINDÓIA,Curitiba,PR
a860b230-1079-4bb2-9fbb-9e68bbcbd72f,R. LEON TOLSTOI,984,81010-090,LINDÓIA,Curitiba,PR
0ab8b736-f86e-4881-bf5d-78c6c67e606b,R. CONDE DOS ARCOS,388,81010-120,LINDÓIA,Curitiba,PR
734b9669-7fca-4a7e-8484-0e362025261d,R. CAPITÃO JOÃO ZALESKI,1251,81010-080,LINDÓIA,Curitiba,PR
8b6662b8-6e9b-4490-abe8-fda713fdd0e0,R. EMILE ZOLA,360,81010-260,LINDÓIA,Curitiba,PR
f186c4d4-b7b8-45ec-8ff7-441437a66479,R. CAPITÃO JOÃO ZALESKI,842,81010-080,LINDÓIA,Curitiba,PR
d63c958d-9561-4ea8-8bab-ebe03144e58c,R. LEON TOLSTOI,149,81010-090,LINDÓIA,Curitiba,PR
41544194-6bcb-48d9-9edf-11204112a581,R. EMILE ZOLA,91,81010-260,LINDÓIA,Curitiba,PR
ba5ce7b1-2052-49cd-8787-3ae8c69b0486,AV. PRESIDENTE WENCESLAU BRAZ,1893,81010-000,LINDÓIA,Curitiba,PR
46cb893c-744f-4a1c-8682-57510650b4ec,R. AMÉRICO VESPÚCIO,489,81010-250,LINDÓIA,Curitiba,PR
008f7c9f-1767-4e52-ad20-9d936128ce83,R. ROBERTO KOCH,244,81010-220,LINDÓIA,Curitiba,PR
efe80133-c252-40df-b742-fd1d1e87d5bb,R. NICOLAU SERRATO SOBRINHO,1189,81010-400,LINDÓIA,Curitiba,PR
12bbbdff-1f09-4621-ad42-651331d61db4,R. CONDE DOS ARCOS,455,81010-120,LINDÓIA,Curitiba,PR
e13315b8-7c7b-4c59-83c5-aaeeae65cd21,AV. PRESIDENTE WENCESLAU BRAZ,1615,81010-000,LINDÓIA,Curitiba,PR
26dc7947-3883-45f5-b4f4-fc551428659e,R. CAPITÃO JOÃO ZALESKI,1727,81010-080,LINDÓIA,Curitiba,PR
49a58e9f-12c5-4bc4-9df4-9581eb6b345c,R. GALILEU GALILEI,216,81010-180,LINDÓIA,Curitiba,PR
2d2c1a06-2592-4ee9-98c2-a20ac82cfd6c,AV. PRESIDENTE WENCESLAU BRAZ,2359,81010-000,LINDÓIA,Curitiba,PR
7584ac9e-71b8-454d-9d1a-5cf296316ea3,R. VICTOR HUGO,461,81010-130,LINDÓIA,Curitiba,PR
a68cb7bb-dbed-4da2-8192-effb460f3259,AV. HENRY FORD,1210,81010-100,LINDÓIA,Curitiba,PR
cfb825e0-f660-4ed6-87af-2c65825b30b2,AV. SANTA BERNADETHE,690,81010-200,LINDÓIA,Curitiba,PR
ceca05ba-d25b-419b-b69c-257129bc8321,AV. PRESIDENTE WENCESLAU BRAZ,1893,81010-000,LINDÓIA,Curitiba,PR
88db22dd-f616-42fd-9861-cfed9493bc3c,R. CAPITÃO JOÃO ZALESKI,842,81010-080,LINDÓIA,Curitiba,PR
5730ca25-b2ff-4109-b6e8-60bcd0a29fd9,R. DUARTE DA COSTA,612,81010-060,LINDÓIA,Curitiba,PR
3752f297-9710-40b0-9e62-08d9e5fd0c04,R. PROFESSOR OSCAR KOLBE,344,81010-240,LINDÓIA,Curitiba,PR
b115325b-7a72-4c2e-8d4c-e3976c8fac4a,R. LEON TOLSTOI,437,81010-090,LINDÓIA,Curitiba,PR
a5aa7993-8eac-46ab-ac0e-e20f3b8c09db,R. ANTERO DE QUENTAL,520,81010-120,LINDÓIA,Curitiba,PR
defb40d7-bea4-4a59-8bee-c1dbf1b559a2,R. CAPITÃO JOÃO ZALESKI,623,81010-080,LINDÓIA,Curitiba,PR
2e88739a-f643-4336-ba6e-af337833b488,R. VICTOR HUGO,472,81010-130,LINDÓIA,Curitiba,PR
6f6a10eb-7fcc-48ae-92e6-6deaa6800069,R. CAMILO CASTELO BRANCO,330,81010-170,LINDÓIA,Curitiba,PR
c1ffa079-d9b2-471d-9eee-ec3e27dec604,AV. PRESIDENTE WENCESLAU BRAZ,1965,81010-000,LINDÓIA,Curitiba,PR
4e378b53-c729-48db-bd47-1520f50590f9,AV. PRESIDENTE WENCESLAU BRAZ,2895,81010-001,LINDÓIA,Curitiba,PR
3c1d9c01-93bc-43b3-b05b-563280a6efe0,R. CONDE DOS ARCOS,426,81010-120,LINDÓIA,Curitiba,PR
a9c518df-1a4c-4e07-b113-cab01cf0763d,TV. JEFERSON REIS ROSA,71,81010-152,LINDÓIA,Curitiba,PR
ec978ad3-28de-4e67-b205-4f3739936d7e,R. OSCAR WILDE,979,81010-230,LINDÓIA,Curitiba,PR
b0584a20-471b-4c77-8e7b-590b287e02ba,R. ILDEFONSO STOCKLER DE FRANÇA,972,81020-040,LINDÓIA,Curitiba,PR
3fca875c-67ef-471c-9085-733b2a28a9b7,R. ROBERTO KOCH,737,81010-220,LINDÓIA,Curitiba,PR
f2172f89-924d-42d9-b538-80eabd6c7b3d,AV. PRESIDENTE WENCESLAU BRAZ,1893,81010-000,LINDÓIA,Curitiba,PR
a33d2971-449c-4e6b-891d-32f714bf4a79,R. DJALMA FERREIRA MACIEL,1106,81010-270,LINDÓIA,Curitiba,PR
9f2a2ae6-d1ba-483a-89b6-5cb643fb6ad4,R. CONDE DOS ARCOS,1157,81010-120,LINDÓIA,Curitiba,PR
b8deb4c1-fe9d-41cc-a8a5-5adc3507202c,AV. PRESIDENTE WENCESLAU BRAZ,2383,81010-000,LINDÓIA,Curitiba,PR
96c8a13c-a195-4627-a740-3607d3261ac3,R. DJALMA FERREIRA MACIEL,945,81010-270,LINDÓIA,Curitiba,PR
0c47f874-7de0-42b8-af0d-9b37e649279d,R. OSCAR WILDE,462,81010-230,LINDÓIA,Curitiba,PR
44d27977-b5e8-42f4-ac67-7db5aa050d56,R. ILDEFONSO STOCKLER DE FRANÇA,931,81020-040,LINDÓIA,Curitiba,PR
515e3374-7be4-441f-ae5d-4867276274b3,R. ROBERTO KOCH,307,81010-220,LINDÓIA,Curitiba,PR
432d4e76-e3d6-4b2b-8e46-7e780b62c0b6,AV. PRESIDENTE WENCESLAU BRAZ,2725,81010-001,LINDÓIA,Curitiba,PR
a66ed0a5-532e-4858-a053-77e3f5ca8b57,AV. PRESIDENTE WENCESLAU BRAZ,2473,81010-000,LINDÓIA,Curitiba,PR
e7af12af-b1f7-4939-a48b-c01ac7fb14be,AV. PRESIDENTE WENCESLAU BRAZ,2485,81010-000,LINDÓIA,Curitiba,PR
3490f8ce-6c5b-42df-b102-ada9a722f544,R. CONDE DOS ARCOS,177,81010-120,LINDÓIA,Curitiba,PR
d12f8b61-ba06-44bb-a97b-677b3cf97c4c,R. NICOLAU SERRATO SOBRINHO,1338,81010-400,LINDÓIA,Curitiba,PR
6d1e4975-760f-4037-885a-691d428933f7,R. VICTOR HUGO,701,81010-130,LINDÓIA,Curitiba,PR
fa8740f1-8769-4062-973d-ccdf6fe309e1,R. VICTOR HUGO,608,81010-130,LINDÓIA,Curitiba,PR
5d9972f9-0a36-4a4f-8b7d-d77d812bfafc,AV. PRESIDENTE WENCESLAU BRAZ,2725,81010-001,LINDÓIA,Curitiba,PR
b3813156-e5d2-472f-8bc7-f45d4627371b,R. CONDE DOS ARCOS,662,81010-120,LINDÓIA,Curitiba,PR
1a854137-820c-407b-8a62-0d74905b0837,AV. HENRY FORD,584,81010-100,LINDÓIA,Curitiba,PR
cc31a281-92f1-4bf8-b875-1f14459237b5,AV. PRESIDENTE WENCESLAU BRAZ,2725,81010-000,LINDÓIA,Curitiba,PR
dcafa086-53a1-46cb-bd9a-326af0325649,R. OSCAR WILDE,669,81010-230,LINDÓIA,Curitiba,PR
fd3f1cf0-6e0b-4403-b648-062ca526816c,R. TOMÉ DE SOUZA,67,81010-010,LINDÓIA,Curitiba,PR
823dcac2-d7f8-48c0-b6c0-f78a4060c428,R. ANTERO DE QUENTAL,632,81010-150,LINDÓIA,Curitiba,PR
a43f5736-1db5-489f-ab3e-891a9920fe4a,GALILEU GALILEI,173,,LINDÓIA,Curitiba,PR
01067fcf-9acc-4042-aacb-b47585a49c84,R. DJALMA FERREIRA MACIEL,772,81010-270,LINDÓIA,Curitiba,PR
b3835d90-5137-44e1-8f8b-a5262a75ed7d,R. LEON TOLSTOI,443,81010-090,LINDÓIA,Curitiba,PR
e3bc7e1e-98b7-4bbb-8128-7973874e711c,R. LEON TOLSTOI,268,81010-090,LINDÓIA,Curitiba,PR
f8903749-2db0-4035-a398-b555df4c13e0,R. ROBERTO KOCH,345,81010-220,LINDÓIA,Curitiba,PR
f4478f43-0a3c-483c-b945-d4da75d00028,AV. HENRY FORD,1858,81010-100,LINDÓIA,Curitiba,PR
737cdc7f-c4bd-4ba3-a7a2-bd8a620814de,AV. SANTA BERNADETHE,1122,81010-120,LINDÓIA,Curitiba,PR
2e1228cf-f768-4e6f-ac3f-c8a97b5a23b1,AV. SANTA BERNADETHE,787,81010-200,LINDÓIA,Curitiba,PR
e8660916-d116-4628-818b-f2c9af17b800,R. PROFESSOR OSCAR KOLBE,391,81010-240,LINDÓIA,Curitiba,PR
41b49a67-50b9-4aae-bf11-3f8edfa35b65,AV. SANTA BERNADETHE,690,81010-200,LINDÓIA,Curitiba,PR
9bfb5059-4395-4646-a243-6db5ef6d6a1b,R. ALEXANDRE SALATA,408,81010-030,LINDÓIA,Curitiba,PR
cdd5ce4b-2154-4d7c-a480-56c69bbbe29b,R. CONDE DOS ARCOS,539,81010-120,LINDÓIA,Curitiba,PR
95f8c457-b171-4b84-97c0-10d9ab715ac3,AV. PRESIDENTE WENCESLAU BRAZ,1893,81010-000,LINDÓIA,Curitiba,PR
bc36b986-e0b8-4a11-acc3-e828289d46e0,R. LEON TOLSTOI,293,81010-090,LINDÓIA,Curitiba,PR
dab6e234-2948-4b70-b0df-a739668484cf,R. SANTA JOANA DARC,310,81010-190,LINDÓIA,Curitiba,PR
d486e4a5-e06e-4968-9431-b9a14dcb2a03,R. VICTOR HUGO,439,81010-130,LINDÓIA,Curitiba,PR
86d6c5da-88e2-4d73-8269-9cca2745d143,R. LEON TOLSTOI,1240,81010-090,LINDÓIA,Curitiba,PR
ba69fe43-4ff9-4cfa-adae-bcb84b98be6b,R. CAPITÃO JOÃO ZALESKI,1798,81010-080,LINDÓIA,Curitiba,PR
6450714c-0b78-41be-853d-06635e0f5799,R. CONDE DOS ARCOS,204,81010-120,LINDÓIA,Curitiba,PR
1490f475-d05f-4ba6-857b-697841597bdb,R. CAPITÃO JOÃO ZALESKI,1334,81010-080,LINDÓIA,Curitiba,PR
a6aacad7-24a0-4c87-839f-9d3351ba5328,R. AMÉRICO VESPÚCIO,636,81010-250,LINDÓIA,Curitiba,PR
99a73ee6-a0f4-41ad-a6bd-3410387f9b4e,R. DUARTE DA COSTA,500,81010-060,LINDÓIA,Curitiba,PR
3aa22c05-890b-4e7a-b442-be1b327ee4d4,AV. SANTA BERNADETHE,1131,81010-200,LINDÓIA,Curitiba,PR
11deee0a-b110-4338-88fa-530b63c45fe2,R. CAPITÃO JOÃO ZALESKI,842,81010-080,LINDÓIA,Curitiba,PR
83584a48-a85e-41ab-8f9f-0332de01d481,R. CAMILO CASTELO BRANCO,645,81010-170,LINDÓIA,Curitiba,PR
1f01e950-6605-45e1-9dd2-6d31fae771bf,R. ALEXANDRE SALATA,408,81010-030,LINDÓIA,Curitiba,PR
e670063a-181c-4689-8a08-d137ef98ee9c,R. ROBERTO KOCH,560,81010-220,LINDÓIA,Curitiba,PR
7c8a0bfd-688e-4ef4-944f-f8d67733a3f4,R. EMILE ZOLA,98,81010-260,LINDÓIA,Curitiba,PR
331ab59b-a7dd-46b5-aeb5-8a9a62f587bb,AV. SANTA BERNADETHE,690,81010-200,LINDÓIA,Curitiba,PR
a8f9b839-0852-41da-8a58-755875b3fd4b,AV. HENRY FORD,2232,81010-100,LINDÓIA,Curitiba,PR
ad59c5e1-6469-4241-8601-6be7933b696c,R. LEON TOLSTOI,515,81010-090,LINDÓIA,Curitiba,PR
8edde64e-708e-435d-b455-074eff2fe761,AV. PRESIDENTE WENCESLAU BRAZ,2057,81010-000,LINDÓIA,Curitiba,PR
2e1bc60a-836e-480d-9e7c-8fb2ee46fdad,R. LEON TOLSTOI,580,81010-090,LINDÓIA,Curitiba,PR
7b943964-2972-4d83-8cd8-d57258b0eee4,R. CONDE DOS ARCOS,1092,81010-120,LINDÓIA,Curitiba,PR
78d0fe9d-5227-4d5f-9ec0-fb75a8ae96df,R. LEON TOLSTOI,900,81010-090,LINDÓIA,Curitiba,PR
19e40b04-c5b2-46e8-b154-7f409bf4713c,R. CONDE DOS ARCOS,194,81010-120,LINDÓIA,Curitiba,PR
dfb70800-f7ef-43a9-a481-44b02350562c,AV. HENRY FORD,39,81010-100,LINDÓIA,Curitiba,PR
a54a4df9-3d8c-440b-8f07-c2bc9d2a49e6,R. VICTOR HUGO,609,81010-130,LINDÓIA,Curitiba,PR
08533af8-0f85-4262-a694-9c6bcfaa48f6,R. ANTERO DE QUENTAL,458,81010-150,LINDÓIA,Curitiba,PR
a3078601-f309-4ec0-83d9-a2f724549a15,AV. SANTA BERNADETHE,1131,81010-200,LINDÓIA,Curitiba,PR
d7ffd58c-b086-481b-b179-f5c14d092520,R. PROFESSOR OSCAR KOLBE,188,81010-240,LINDÓIA,Curitiba,PR
f797e54e-b9c6-45de-abf3-f4d818b37016,R. ANTERO DE QUENTAL,521,81010-150,LINDÓIA,Curitiba,PR
07570cb6-2163-4e9e-b909-72313fe3933a,R. AMÉRICO VESPÚCIO,636,81010-250,LINDÓIA,Curitiba,PR
5f607e52-c519-4c17-aa8c-15f96208bad0,R. DJALMA FERREIRA MACIEL,327,81010-270,LINDÓIA,Curitiba,PR
463562c7-2116-4084-908a-ae1db605c03c,R. DJALMA FERREIRA MACIEL,834,81010-270,LINDÓIA,Curitiba,PR
ddaa7305-8de8-474a-bd72-67c3551a3ad4,R. LEON TOLSTOI,1340,81010-090,LINDÓIA,Curitiba,PR
f1e58f1d-f9b1-4990-b103-d9d3e3093e8a,R. AMÉRICO VESPÚCIO,373,81010-250,LINDÓIA,Curitiba,PR
8b85a86f-de57-45cc-8489-4f634dca07cd,R. DUARTE DA COSTA,485,81010-060,LINDÓIA,Curitiba,PR
25443873-debb-4898-83b3-2c9e9984264d,AV. PRESIDENTE WENCESLAU BRAZ,1965,81010-000,LINDÓIA,Curitiba,PR
7a0cc265-6049-4ab3-a8b4-22fcb30f7f83,R. DJALMA FERREIRA MACIEL,1166,81010-270,LINDÓIA,Curitiba,PR
f4cffa40-32b3-4e5d-8a93-f26958eb6b01,R. LEON TOLSTOI,1254,81010-090,LINDÓIA,Curitiba,PR
4ef9eb4c-93bf-44e3-bca3-1bc5005b65dd,AV. PRESIDENTE WENCESLAU BRAZ,2463,81050-270,LINDÓIA,Curitiba,PR
1091951b-2827-4cdc-84db-6e49a420ded2,R. ANTERO DE QUENTAL,652,81010-150,LINDÓIA,Curitiba,PR
09c4ba30-fa8f-4d60-863f-1c6b14ab974d,AV. SANTA BERNADETHE,690,81010-200,LINDÓIA,Curitiba,PR
7a6e7fe2-5772-41da-ba6c-b47aeb9cbbaf,R. ALEIXO BETTEGA,307,81010-280,LINDÓIA,Curitiba,PR
670f33b2-f160-4725-9b89-0bced30dcc20,R. PROFESSOR OSCAR KOLBE,334,81010-240,LINDÓIA,Curitiba,PR
1432bb9f-26c1-46b2-abbb-58d8418b2110,R. SANTA JOANA DARC,621,81010-190,LINDÓIA,Curitiba,PR
423df83a-474a-4213-986f-9e5619f011de,R. OSCAR WILDE,174,81010-230,LINDÓIA,Curitiba,PR
c4123cb6-acd2-443b-9a27-64a07b2e4a1e,R. LEON TOLSTOI,788,81010-090,LINDÓIA,Curitiba,PR
190b9e69-4f22-4d96-9c43-c9a1928a4ab5,R. JOSINA RAMOS RÉGIO,80,81010-210,LINDÓIA,Curitiba,PR
1069aebc-b2ac-42fa-8c83-8231ee321e57,AV. SANTA BERNADETHE,690,81010-200,LINDÓIA,Curitiba,PR
11b25077-58a1-47cb-bfc0-2bbcc9a3378e,AV. SANTA BERNADETHE,690,81010-200,LINDÓIA,Curitiba,PR
e3a8265e-d4e1-4b1a-a608-4b7a5503ccd7,R. EMILE ZOLA,273,81010-260,LINDÓIA,Curitiba,PR
6f0b2014-937b-4037-b096-5b549083e074,R. DJALMA FERREIRA MACIEL,73,81010-270,LINDÓIA,Curitiba,PR
4864939e-df51-4435-ab2c-722525bcab22,R. JOSINA RAMOS RÉGIO,357,81010-210,LINDÓIA,Curitiba,PR
06a5e254-2a54-4ee2-bc2d-6004583f1792,R. AMÉRICO VESPÚCIO,502,81010-250,LINDÓIA,Curitiba,PR
36c10a11-5c6f-45ab-b567-6fb59b87bbd3,R. SANTA JOANA DARC,142,81010-090,LINDÓIA,Curitiba,PR
aea4922e-1266-49fd-9051-a022021ec457,R. SANTA JOANA DARC,310,81010-190,LINDÓIA,Curitiba,PR
926a9eda-9bf2-45c1-a28e-d4fceca42d44,R. AMÉRICO VESPÚCIO,489,81010-250,LINDÓIA,Curitiba,PR
128aaa93-416f-4569-ac6a-a8e8b9b06b65,R. CONDE DOS ARCOS,36,81010-120,LINDÓIA,Curitiba,PR
28cfe377-9e5d-4fd3-8f0a-1ad4c04ffe85,R. ALEXANDRE SALATA,581,81010-030,LINDÓIA,Curitiba,PR
1b77de95-3eda-4fb1-8d1e-4caa55f34584,R. MEM DE SÁ,462,81010-110,LINDÓIA,Curitiba,PR
8e1956de-0523-4c33-a301-c9c798938ac6,R. CAPITÃO JOÃO ZALESKI,1039,81010-080,LINDÓIA,Curitiba,PR
85ee9e12-8d40-4507-bbe0-0a82f64b4edf,R. LEON TOLSTOI,926,81010-090,LINDÓIA,Curitiba,PR
54f3be9c-de68-459b-be56-4c96b9a6fb43,R. LEON TOLSTOI,1135,81010-090,LINDÓIA,Curitiba,PR
4df005f8-0d63-44c4-a4c3-e8930f127c77,R. DJALMA FERREIRA MACIEL,601,81010-270,LINDÓIA,Curitiba,PR
f0b84f9f-3d93-4458-bb42-04eaf735495b,R. CONDE DOS ARCOS,4,81010-120,LINDÓIA,Curitiba,PR
3e00b8b4-7ff9-4fe5-b04a-6336c023a29a,R. DJALMA FERREIRA MACIEL,944,81010-270,LINDÓIA,Curitiba,PR
e003bf9e-6c99-45a4-a486-e3ba388d095b,AV. PRESIDENTE WENCESLAU BRAZ,2661,81010-000,LINDÓIA,Curitiba,PR
b6b943d7-15d3-4b05-a1d6-d50b37cc3afe,R. CAPITÃO JOÃO ZALESKI,1322,81010-080,LINDÓIA,Curitiba,PR
bf964edd-df16-4dc1-93e1-f4641ff56eb1,R. CAPITÃO JOÃO ZALESKI,523,81010-080,LINDÓIA,Curitiba,PR
262500d5-6f6d-464b-943c-b4a9faa46a9a,R. AMÉRICO VESPÚCIO,636,81010-250,LINDÓIA,Curitiba,PR
79722f93-88c9-46fc-a45b-26c03cd7fbac,AV. PRESIDENTE WENCESLAU BRAZ,1229,81010-000,LINDÓIA,Curitiba,PR
0ebb505a-abe0-4c3e-8cfa-cfb4c3f99ed9,R. CAPITÃO JOÃO ZALESKI,210,81010-080,LINDÓIA,Curitiba,PR
94736659-0b6e-42c8-ae4d-e416f395bcbb,R. LEON TOLSTOI,470,81010-090,LINDÓIA,Curitiba,PR
c3767eea-1182-4a7a-aee8-852b594996b8,R. LEON TOLSTOI,678,81010-090,LINDÓIA,Curitiba,PR
49b2c3a2-4dcb-42e1-9ca0-6afa890d24b3,AV. PRESIDENTE WENCESLAU BRAZ,2473,81010-000,LINDÓIA,Curitiba,PR
7d69b101-a9ea-4033-b100-826e77bbb739,R. SANTA JOANA DARC,310,81010-190,LINDÓIA,Curitiba,PR
88348e96-128e-44eb-a541-1a0419784163,R. GALILEU GALILEI,197,81010-180,LINDÓIA,Curitiba,PR
3f6de644-e3f2-4598-bf15-e02af6d785a2,R. PROFESSOR OSCAR KOLBE,57,81010-240,LINDÓIA,Curitiba,PR
a50d8748-609d-451f-bdc4-8a547964fb75,R. MEM DE SÁ,574,81010-110,LINDÓIA,Curitiba,PR
73a72a15-16d5-498a-a20b-02c844d3d41e,AV. PRESIDENTE WENCESLAU BRAZ,2931,81010-001,LINDÓIA,Curitiba,PR
88a2f224-9fc6-4953-a690-8f5133040ada,R. CONDE DOS ARCOS,170,81010-120,LINDÓIA,Curitiba,PR
dec170a7-06ab-4388-82ae-6541066dd946,R. CAPITÃO JOÃO ZALESKI,1599,81010-080,LINDÓIA,Curitiba,PR
319c5d71-a50f-4eff-8712-d754940c872b,AV. PRESIDENTE WENCESLAU BRAZ,1893,81010-000,LINDÓIA,Curitiba,PR
8e517a45-f786-4e3e-bf69-13df7ffadc01,R. DJALMA FERREIRA MACIEL,1131,81010-270,LINDÓIA,Curitiba,PR
a9e858f1-74fa-4222-8a6f-da1b3ffb27b4,R. ILDEFONSO STOCKLER DE FRANÇA,1016,81020-040,LINDÓIA,Curitiba,PR
b45f4a8c-2c6f-4c00-ae8a-e1d4e6d14633,R. LEON TOLSTOI,935,81010-090,LINDÓIA,Curitiba,PR
f49c11e1-0920-4ecd-9c0f-f205d7ab7198,R. ALFREDO MAZZA,33,81010-160,LINDÓIA,Curitiba,PR
8a40b9e3-ebd7-48a1-be9d-075ee06d3120,AV. PRESIDENTE WENCESLAU BRAZ,2581,81010-000,LINDÓIA,Curitiba,PR
c831432a-a94b-443a-afb3-38bf8d6de095,AV. SANTA BERNADETHE,813,81010-200,LINDÓIA,Curitiba,PR
58d67966-fbe6-4a24-b7fa-9419d2564c19,R. SANTA JOANA DARC,481,81010-190,LINDÓIA,Curitiba,PR
c14ce30a-cd57-44ea-8068-6f829002dcf0,R. OSCAR WILDE,405,81010-230,LINDÓIA,Curitiba,PR
8940e3fe-b5cb-44f8-b060-0c34072afc07,R. MEM DE SÁ,1000,81010-110,LINDÓIA,Curitiba,PR
83930257-7f3e-4485-82c2-f68f6e14427f,AV. PRESIDENTE WENCESLAU BRAZ,2035,81010-000,LINDÓIA,Curitiba,PR
c6341639-b97f-4d00-b584-871e718f56f5,R. AMÉRICO VESPÚCIO,430,81010-220,LINDÓIA,Curitiba,PR
938c4251-ac04-478a-a2f3-1cf899eb4c9c,R. ALEIXO BETTEGA,753,81010-280,LINDÓIA,Curitiba,PR
d2bd2935-5805-46fe-aa3e-08dde774f1fe,R. GALILEU GALILEI,206,81010-180,LINDÓIA,Curitiba,PR
0478ee53-0282-44b3-ac41-1a3cdaaffe6d,R. CAPITÃO JOÃO ZALESKI,210,81010-080,LINDÓIA,Curitiba,PR
8079ae95-78fe-4759-a17d-5336b4c7f2f2,R. CAPITÃO JOÃO ZALESKI,1299,81010-080,LINDÓIA,Curitiba,PR
6fb3633b-620a-4695-8722-487670b56f06,R. EMILE ZOLA,273,81010-260,LINDÓIA,Curitiba,PR
cb0d580b-d618-4916-adb3-831b69a1ea49,R. CAMILO CASTELO BRANCO,45,81010-170,LINDÓIA,Curitiba,PR
891388b0-5a20-4562-85a8-b4d4afec242c,R. DJALMA FERREIRA MACIEL,17,81010-270,LINDÓIA,Curitiba,PR
ef867cf5-98a4-4469-8224-d2c0e1bf9943,R. CAPITÃO JOÃO ZALESKI,325,81010-080,LINDÓIA,Curitiba,PR
20f6931f-a058-4a27-8c73-a26819e9facd,AV. SANTA BERNADETHE,1080,81010-120,LINDÓIA,Curitiba,PR
10948232-b3f6-47ef-9468-b3b3fe0eed14,R. AMÉRICO VESPÚCIO,489,81010-250,LINDÓIA,Curitiba,PR
ea799b0f-6b98-48c1-a036-a48201eb5476,R. DJALMA FERREIRA MACIEL,268,81010-270,LINDÓIA,Curitiba,PR
18cb8d52-3160-4b06-b3ca-19b5c095e158,R. CONDE DOS ARCOS,170,81010-120,LINDÓIA,Curitiba,PR
ce40ccc6-b629-416c-a7c0-a149d3947055,AV. PRESIDENTE WENCESLAU BRAZ,1229,81010-000,LINDÓIA,Curitiba,PR
7c54923e-440f-4f46-b07e-435208162823,AV. SANTA BERNADETHE,690,81010-200,LINDÓIA,Curitiba,PR
9037052e-1ec9-45b4-afc9-e03145aee31c,R. AMÉRICO VESPÚCIO,44,81010-250,LINDÓIA,Curitiba,PR
26ce09bf-f483-46fb-a643-793fbdf1050a,AV. PRESIDENTE WENCESLAU BRAZ,1893,81010-000,LINDÓIA,Curitiba,PR
d4ada82d-c9e9-4daf-8be6-2335ab3327ec,R. CAMILO CASTELO BRANCO,205,81010-170,LINDÓIA,Curitiba,PR
e0dea428-082e-4faf-80c1-c44fad5c3901,AV. PRESIDENTE WENCESLAU BRAZ,1255,81010-000,LINDÓIA,Curitiba,PR
9075770e-cb6f-4e1e-8206-3bca02981db1,R. DJALMA FERREIRA MACIEL,351,81010-270,LINDÓIA,Curitiba,PR
3e37682b-e1fc-4980-8a57-3f822e055a5a,R. LEON TOLSTOI,877,80010-090,LINDÓIA,Curitiba,PR
a36dd03c-8863-4ea7-9e3d-f80651366e27,R. JOSINA RAMOS RÉGIO,44,81010-210,LINDÓIA,Curitiba,PR
7c006d1b-443f-438b-b818-0a0bdbb6eeaa,AV. PRESIDENTE WENCESLAU BRAZ,1291,81010-000,LINDÓIA,Curitiba,PR
988004a3-c306-4914-9f90-c23a4716501b,R. CAPITÃO JOÃO ZALESKI,199,81010-080,LINDÓIA,Curitiba,PR
f0f7ff3b-b78f-4ee9-9abb-1d07173dfd56,AV. PRESIDENTE WENCESLAU BRAZ,1973,81010-000,LINDÓIA,Curitiba,PR
7e2ad2ee-21cc-4b8f-b418-0499c3ee9194,R. LEON TOLSTOI,1300,81010-090,LINDÓIA,Curitiba,PR
fb32bee1-656e-47c0-8243-f1b929c12871,AV. PRESIDENTE WENCESLAU BRAZ,1893,81010-000,LINDÓIA,Curitiba,PR
9d5f57bc-90d4-4d4d-a0eb-d4f524dfbf07,R. DJALMA FERREIRA MACIEL,116,81010-286,LINDÓIA,Curitiba,PR
e82cba31-68b3-4423-bbb6-ef80d254cbf0,R. LEON TOLSTOI,515,81010-090,LINDÓIA,Curitiba,PR
68769a4b-ffa7-4f39-acdf-32493db51a27,R. CAMILO CASTELO BRANCO,453,81010-170,LINDÓIA,Curitiba,PR
efad1b21-5b48-4889-b94c-f5a02028a29a,R. PROFESSOR OSCAR KOLBE,93,81010-240,LINDÓIA,Curitiba,PR
f31e2ede-761d-46c0-83fc-1d6c2eb4b301,R. JOSINA RAMOS RÉGIO,68,81010-210,LINDÓIA,Curitiba,PR
d900173b-ed45-4696-ae1d-6e8885b5a277,R. ALEIXO BETTEGA,467,81010-280,LINDÓIA,Curitiba,PR
c35cf1dc-6661-4148-bd6e-cdb384ae76ea,AV. PRESIDENTE WENCESLAU BRAZ,2065,81010-000,LINDÓIA,Curitiba,PR
b6d9a2fe-cbfd-4668-b3c0-69a3a6e465d9,AV. HENRY FORD,1010,81010-100,LINDÓIA,Curitiba,PR
3baf5059-4599-4ac8-aa06-5b1e5db8dd9e,AV. PRESIDENTE WENCESLAU BRAZ,2221,81010-000,LINDÓIA,Curitiba,PR
0113a3c5-1fed-40f5-8325-df4f61d64620,AV. SANTA BERNADETHE,827,81010-200,LINDÓIA,Curitiba,PR
23caac7f-0829-4cee-aa80-cb2bd131a904,R. DJALMA FERREIRA MACIEL,604,81010-270,LINDÓIA,Curitiba,PR
ce808f3d-8e2b-420f-9e05-293f45ceb8b2,R. PAULO ROBERTO MUNHOZ COSTA,134,81010-187,LINDÓIA,Curitiba,PR
1ba1b579-6418-486d-9710-c241e9603d01,R. TOMÉ DE SOUZA,81,81010-010,LINDÓIA,Curitiba,PR
00b5e101-a2e4-47c0-828b-da71633d0aab,R. GALILEU GALILEI,206,81010-180,LINDÓIA,Curitiba,PR
259288de-1cd9-41d1-8e5f-b40e7d1d04a9,R. CONDE DOS ARCOS,426,81010-120,LINDÓIA,Curitiba,PR
6f66445f-06b2-4e19-b45a-57af1f4bf734,R. LEON TOLSTOI,1148,81010-090,LINDÓIA,Curitiba,PR
791d7f23-a31f-4974-bdb9-6a4d3cc37b90,R. SANTA JOANA DARC,857,81010-190,LINDÓIA,Curitiba,PR
c8b4ac8e-5503-46cc-ae20-226198713e4c,R. JOSINA RAMOS RÉGIO,354,81010-210,LINDÓIA,Curitiba,PR
c1609667-5d7b-4152-ad13-7298c1e5c2f2,R. CONDE DOS ARCOS,438,81010-120,LINDÓIA,Curitiba,PR
7d15dabe-f36c-4380-a248-1d871b19835d,AV. PRESIDENTE WENCESLAU BRAZ,1172,81010-000,LINDÓIA,Curitiba,PR
71b5cd64-6f14-4466-b8ea-f75add15ec04,R. CAPITÃO JOÃO ZALESKI,842,81010-080,LINDÓIA,Curitiba,PR
7e5da9de-4298-44e5-9eb2-fa9fe57dfe9e,R. SANTA JOANA DARC,626,81010-190,LINDÓIA,Curitiba,PR
93ae6c00-b421-4be9-947d-a1105abea36b,R. LEON TOLSTOI,431,81010-090,LINDÓIA,Curitiba,PR
e9c6d0b4-404b-417a-a174-592bf6ba528f,AV. PRESIDENTE WENCESLAU BRAZ,1893,81010-000,LINDÓIA,Curitiba,PR
c72d20d9-a879-47c2-95c0-38f361e66b86,R. LEON TOLSTOI,597,81010-090,LINDÓIA,Curitiba,PR
ed59f0d2-1d95-4cbd-95d5-6615eb62e9da,R. ALEIXO BETTEGA,763,81010-280,LINDÓIA,Curitiba,PR
4634aaa2-e784-49b1-90e5-806fbc9a43a5,R. CAMILO CASTELO BRANCO,335,81010-170,LINDÓIA,Curitiba,PR
ef5f8746-39f5-40c2-8c83-04dea66942f4,R. ROBERTO KOCH,827,81010-220,LINDÓIA,Curitiba,PR
2002aaa4-8802-416e-905a-a91fa6e3f53e,R. PROFESSOR OSCAR KOLBE,200,81010-240,LINDÓIA,Curitiba,PR
0068acbc-8524-4998-ad21-be62b3c9d4be,R. ROBERTO KOCH,713,81010-220,LINDÓIA,Curitiba,PR
d7f34404-134c-4b0c-a82a-425b0a604d2f,R. MEM DE SÁ,432,81010-110,LINDÓIA,Curitiba,PR
d9d875fe-1081-4f92-80b1-686773c38ae5,R. CONDE DOS ARCOS,880,81010-120,LINDÓIA,Curitiba,PR
1547ac97-0cd1-49e1-bffb-732486bc6b6f,R. AMÉRICO VESPÚCIO,667,81010-280,LINDÓIA,Curitiba,PR
cfd7b85f-2245-4cff-8738-2fb94e683d71,R. TOMÉ DE SOUZA,146,81010-010,LINDÓIA,Curitiba,PR
d78b6f0d-568f-43c3-8ffe-303043d85e10,R. GALILEU GALILEI,2092,81010-180,LINDÓIA,Curitiba,PR
708cb811-6563-465f-87f9-85086c1e6866,AV. PRESIDENTE WENCESLAU BRAZ,1893,81010-000,LINDÓIA,Curitiba,PR
402a7224-9391-4013-bcdc-0d0d4d2e56aa,AV. SANTA BERNADETHE,690,81010-200,LINDÓIA,Curitiba,PR
9b25f957-d51d-44c7-9e69-15089705a6fd,R. VICTOR HUGO,318,81010-130,LINDÓIA,Curitiba,PR
6e63c766-d83a-4701-b0df-ec9327cfa4e8,R. DJALMA FERREIRA MACIEL,1034,81010-270,LINDÓIA,Curitiba,PR
1a0ff7ed-9e96-4176-9dc9-0b0fa86fbe66,AV. HENRY FORD,2202,81010-100,LINDÓIA,Curitiba,PR
9e89209b-0ac2-472f-b7f9-f8b12b8d499e,R. NICOLAU SERRATO SOBRINHO,1284,81010-400,LINDÓIA,Curitiba,PR
38ca3b05-2c48-44fb-a324-7bbf782e378c,AV. HENRY FORD,1164,81010-100,LINDÓIA,Curitiba,PR
9d92f3e7-6c1a-442b-b4c8-7c529d1690f0,R. CONDE DOS ARCOS,450,81010-120,LINDÓIA,Curitiba,PR
4731efa0-9cc9-4296-a6ac-de61b25de5cc,R. MEM DE SÁ,592,81010-110,LINDÓIA,Curitiba,PR
0622ff5c-4373-4894-a5ed-b1298732452d,R. AMÉRICO VESPÚCIO,833,81010-250,LINDÓIA,Curitiba,PR
a11b29a6-e2f1-4f25-a0e3-db027c83a427,R. AMÉRICO VESPÚCIO,472,81010-250,LINDÓIA,Curitiba,PR
9d84e3fa-75d8-4644-8956-7b93c95647c3,R. PROFESSOR OSCAR KOLBE,93,81010-240,LINDÓIA,Curitiba,PR
b8e99bc5-ddc5-4a09-ae3f-46466c677538,R. CONDE DOS ARCOS,680,81010-120,LINDÓIA,Curitiba,PR
96741119-5d99-4c60-9273-446912d0cff7,R. AMÉRICO VESPÚCIO,636,81010-250,LINDÓIA,Curitiba,PR
1aea8bb6-6bea-4056-bb1b-f6a0d02b2848,AV. PRESIDENTE WENCESLAU BRAZ,2801,81010-001,LINDÓIA,Curitiba,PR
b31a116f-3b2a-4db6-a58e-54a8604d722f,R. CONDE DOS ARCOS,880,81010-120,LINDÓIA,Curitiba,PR
7f96491d-ec51-445d-a3ff-251f60f7b327,R. AMÉRICO VESPÚCIO,151,81010-250,LINDÓIA,Curitiba,PR
f47ff71e-2841-4aff-bf81-a04694b82cc2,R. JOSINA RAMOS RÉGIO,219,81010-210,LINDÓIA,Curitiba,PR
b3c85803-1fc2-4cb2-8d09-b115cfd7eb1d,AV. SANTA BERNADETHE,690,81010-200,LINDÓIA,Curitiba,PR
d222aff1-f444-47c6-b606-0562bb34c2c8,R. DJALMA FERREIRA MACIEL,973,81010-270,LINDÓIA,Curitiba,PR
8648629c-4e4f-444d-aca9-58b4957f4a6c,R. CONDE DOS ARCOS,995,81010-120,LINDÓIA,Curitiba,PR
660a1fd7-4672-4d69-9a54-9a14aff8acbd,R. DJALMA FERREIRA MACIEL,944,81010-270,LINDÓIA,Curitiba,PR
a183c815-0ad7-460e-8cc4-a761ce839f7b,R. AMÉRICO VESPÚCIO,373,81010-250,LINDÓIA,Curitiba,PR
c1d6a2b4-10c1-41e6-a5a2-b813d8c49010,R. CAPITÃO JOÃO ZALESKI,311,81010-080,LINDÓIA,Curitiba,PR
dd6fde59-dc0f-4cc9-abfa-c66dc3871c92,R. ALEIXO BETTEGA,467,81010-280,LINDÓIA,Curitiba,PR
0110a30e-1b38-4f19-a0b7-9ae83ba96242,R. DUARTE DA COSTA,281,81010-000,LINDÓIA,Curitiba,PR
ce3d0fce-2bbb-4950-b87c-e9068ab07900,R. LEON TOLSTOI,184,81010-090,LINDÓIA,Curitiba,PR
e011d74c-daf0-4704-964b-cd7467249476,R. AMÉRICO VESPÚCIO,636,81010-250,LINDÓIA,Curitiba,PR
980a452e-fa1d-47b4-8669-2af5002d2160,R. ALEXANDRE SALATA,581,81010-030,LINDÓIA,Curitiba,PR
79693968-844a-490d-987c-8143e782c7be,AV. SANTA BERNADETHE,871,81010-200,LINDÓIA,Curitiba,PR
badb96a6-71c6-46a3-9aa0-dcb9b6bfc78e,R. ANTERO DE QUENTAL,211,81010-150,LINDÓIA,Curitiba,PR
29e594b5-ba32-4442-aaaa-ac75987c9da7,R. SANTA JOANA DARC,863,81010-190,LINDÓIA,Curitiba,PR
72386f48-14c6-4015-947c-c4a2ccfbf3ea,R. TOMÉ DE SOUZA,67,81010-010,LINDÓIA,Curitiba,PR
4d9dea29-d076-4c8d-9e89-ac9fa005e110,R. GALILEU GALILEI,215,81010-180,LINDÓIA,Curitiba,PR
da60c5c9-c059-4ba1-943a-331dccb5f992,R. ILDEFONSO STOCKLER DE FRANÇA,931,81020-040,LINDÓIA,Curitiba,PR
20ce771e-c40f-4825-8327-0e3605d6f2f0,AV. SANTA BERNADETHE,1362,81010-200,LINDÓIA,Curitiba,PR
824bcc53-7510-4860-956d-df501bbdbb6a,AV. SANTA BERNADETHE,690,81010-200,LINDÓIA,Curitiba,PR
d3182ae0-d94b-491b-8dd9-f2243d176545,R. CONDE DOS ARCOS,1183,81010-120,LINDÓIA,Curitiba,PR
fa4d33be-7d1e-493a-9014-b148b2207785,R. AMÉRICO VESPÚCIO,60,81010-250,LINDÓIA,Curitiba,PR
b2611dc5-1ce2-4958-9961-104c38aed9d3,R. AMÉRICO VESPÚCIO,579,81010-250,LINDÓIA,Curitiba,PR
06a648f8-9b1e-4979-9a49-9ce0f4be9c28,AV. PRESIDENTE WENCESLAU BRAZ,1893,81010-000,LINDÓIA,Curitiba,PR
454ca49e-68b7-49a2-affb-aaa1d39a4ca0,AV. HENRY FORD,1870,81010-100,LINDÓIA,Curitiba,PR
d8f06a80-ea65-43b1-98c7-697458b4963c,R. ANTERO DE QUENTAL,113,81010-000,LINDÓIA,Curitiba,PR
1047f4b6-d119-4e5b-b2db-7a83f1970802,R. MEM DE SÁ,462,81010-110,LINDÓIA,Curitiba,PR
08bac001-9224-407e-ba9d-752039f3785b,AV. PRESIDENTE WENCESLAU BRAZ,1893,81010-000,LINDÓIA,Curitiba,PR
d97bc978-0d11-4efc-b274-e2c5497c62d0,R. CONDE DOS ARCOS,1350,81010-120,LINDÓIA,Curitiba,PR
4c4d4eb5-a41e-46ed-93a7-79c0d97b32a9,R. CAPITÃO JOÃO ZALESKI,171,81010-080,LINDÓIA,Curitiba,PR
617df8ac-06c8-4228-9025-264e9ef7fff1,AV. PRESIDENTE WENCESLAU BRAZ,1172,81010-000,LINDÓIA,Curitiba,PR
bfa5c2ad-566e-4e30-ba00-9cafca8b0b6d,R. CONDE DOS ARCOS,1001,81010-120,LINDÓIA,Curitiba,PR
49572f39-9dea-4ef2-9799-5d1bb2785bb5,R. LEON TOLSTOI,278,81010-090,LINDÓIA,Curitiba,PR
907141b5-d6fd-4d1f-87b5-e117d4453ad3,R. ALFREDO MAZZA,116,81010-160,LINDÓIA,Curitiba,PR
e3ba9998-e48b-4f43-9dca-5ac4159e2e4f,AV. HENRY FORD,1848,81010-100,LINDÓIA,Curitiba,PR
feaa5020-fa58-4e56-ba0d-af7f83ccac12,R. ANTERO DE QUENTAL,362,81010-150,LINDÓIA,Curitiba,PR
3df00301-51b5-465f-9565-cdfbb20d7b78,AV. HENRY FORD,88,81010-100,LINDÓIA,Curitiba,PR
5a1e835f-13e6-4015-bb45-b70dabb84f64,R. LEON TOLSTOI,1147,81010-090,LINDÓIA,Curitiba,PR
35610b9a-02e7-45a0-bdd6-cfa38d0d66cd,R. LEON TOLSTOI,678,81010-090,LINDÓIA,Curitiba,PR
192de625-5d09-43da-abeb-0d4cd323a08e,R. DUARTE DA COSTA,486,81010-060,LINDÓIA,Curitiba,PR
948d6cf8-453f-4537-b9f4-634ed1151d6f,AV. PRESIDENTE WENCESLAU BRAZ,1243,81010-000,LINDÓIA,Curitiba,PR
403cf245-884f-4e1d-bf12-69ca1cb491fb,R. CAMILO CASTELO BRANCO,497,81010-170,LINDÓIA,Curitiba,PR
38036ee4-033a-4263-89a4-53dfce89064c,R. CONDE DOS ARCOS,347,81010-120,LINDÓIA,Curitiba,PR
fc8adb94-06a0-4bb8-9aef-70df13dad3fb,R. CONDE DOS ARCOS,1183,81010-120,LINDÓIA,Curitiba,PR
045a802d-6b96-464b-976f-14a248d26ef2,AV. SANTA BERNADETHE,1131,81010-200,LINDÓIA,Curitiba,PR
a436ee18-26c2-4100-acc2-4a1bdc451097,R. EMILE ZOLA,148,81010-260,LINDÓIA,Curitiba,PR
3cdfdbee-592a-48bf-a63a-84f10a3c0d45,R. JAMAICA,95,81010-080,LINDÓIA,Curitiba,PR
d68702cd-78b6-4f47-a2e6-ef6b4d87f35c,R. DJALMA FERREIRA MACIEL,604,81010-270,LINDÓIA,Curitiba,PR
c353a915-2e8b-4f1b-96cb-9bab052a2dd6,R. CONDE DOS ARCOS,438,81010-120,LINDÓIA,Curitiba,PR
ada0c8aa-7dcb-4b0c-8c9d-ce3deeae83f7,AV. SANTA BERNADETHE,690,81010-200,LINDÓIA,Curitiba,PR
868bcc1f-f8e3-4d17-9494-211280dd1c9a,AV. SANTA BERNADETHE,690,81010-200,LINDÓIA,Curitiba,PR
835f197a-c97d-4b71-9ffc-a0f55655dfcc,AV. HENRY FORD,2218,81010-100,LINDÓIA,Curitiba,PR
b233fac6-ae3a-40e0-ad67-163eb0a334fe,AV. PRESIDENTE WENCESLAU BRAZ,2485,81010-000,LINDÓIA,Curitiba,PR
3259d043-dd61-4ab0-9c74-e6e090c29095,R. JOSINA RAMOS RÉGIO,872,81010-210,LINDÓIA,Curitiba,PR
d1065de0-df34-4cf1-a1d2-71cef971924b,AV. PRESIDENTE WENCESLAU BRAZ,1309,81010-010,LINDÓIA,Curitiba,PR
8109b727-c15d-4b19-85a3-5d6a6c2bdd1c,AV. PRESIDENTE WENCESLAU BRAZ,1893,81010-000,LINDÓIA,Curitiba,PR
435d5974-aae0-4d92-b34b-aaa1640d22fd,R. ALEIXO BETTEGA,713,81010-280,LINDÓIA,Curitiba,PR
cfbb7130-ae4c-450f-a82f-a01301ed2d89,R. CONDE DOS ARCOS,388,81010-120,LINDÓIA,Curitiba,PR
05c2342e-7390-4c15-905d-bf25867e1560,R. CAPITÃO JOÃO ZALESKI,1634,81010-080,LINDÓIA,Curitiba,PR
6ec4ca06-b2e0-42ca-858e-dfffea225537,R. JOSINA RAMOS RÉGIO,86,81010-210,LINDÓIA,Curitiba,PR
121e8df0-e1a9-4031-a3cd-9386cb348f84,R. GALILEU GALILEI,347,81010-180,LINDÓIA,Curitiba,PR
948ed572-cd98-4fdd-974b-635424015a42,R. OSCAR WILDE,920,81010-230,LINDÓIA,Curitiba,PR
93491c80-d8c8-4638-96db-331faba21d6f,R. LEON TOLSTOI,1051,81010-090,LINDÓIA,Curitiba,PR
04010180-2e5b-4830-a531-7f272995a663,R. DJALMA FERREIRA MACIEL,1096,81010-270,LINDÓIA,Curitiba,PR
f1df3d7b-dc47-4a4c-be69-b05a709cc565,R. OSCAR WILDE,694,81010-230,LINDÓIA,Curitiba,PR
fe75a1d8-7ed9-4e48-827d-1a5219e8fdb6,R. PROFESSOR OSCAR KOLBE,354,81010-240,LINDÓIA,Curitiba,PR
b5f00895-2be5-4982-8a81-ac2c2495b264,AV. PRESIDENTE WENCESLAU BRAZ,2725,81010-001,LINDÓIA,Curitiba,PR
ab8241c8-bffb-4201-a02b-10ce89041b2a,R. LEON TOLSTOI,935,81010-090,LINDÓIA,Curitiba,PR
02c4540a-eede-4051-85e1-0728350c0da0,AV. SANTA BERNADETHE,725,81010-200,LINDÓIA,Curitiba,PR
4317f55e-c164-4477-859a-e86241e28075,R. CONDE DOS ARCOS,1291,81010-120,LINDÓIA,Curitiba,PR
ff991811-f263-4c02-a8a7-15aa46d9d4b8,AV. PRESIDENTE WENCESLAU BRAZ,1229,81010-000,LINDÓIA,Curitiba,PR
325b967d-e6a1-4f48-a01a-0bf45d6b71e4,R. CAPITÃO JOÃO ZALESKI,1310,81010-080,LINDÓIA,Curitiba,PR
61d70954-2fb4-4aec-ab6e-5924c432d49c,R. MEM DE SÁ,462,81010-110,LINDÓIA,Curitiba,PR
44c2b62d-1b35-402c-baa4-4c6eb5aa3e98,R. SANTA JOANA DARC,427,81010-190,LINDÓIA,Curitiba,PR
eb0146a4-bf9a-4853-8556-e3f173e492c0,R. EMILE ZOLA,465,81010-260,LINDÓIA,Curitiba,PR
febc8442-e438-46b0-86b7-a9e96bf04f92,R. MEM DE SÁ,462,81010-110,LINDÓIA,Curitiba,PR
1c54788b-7f2e-49fd-9e47-e76c90a8e127,R. CONDE DOS ARCOS,170,81010-120,LINDÓIA,Curitiba,PR
7417c358-46c2-40c5-8b70-f2bf2aaf9656,R. CAPITÃO JOÃO ZALESKI,1874,81010-080,LINDÓIA,Curitiba,PR
017c6cc4-5cb8-4895-b8a1-12b1b47cac59,R. CAMILO CASTELO BRANCO,605,81010-170,LINDÓIA,Curitiba,PR
40c1c436-a86c-4a4f-a642-b02dcbfd7f1e,R. PROFESSOR OSCAR KOLBE,130,81010-240,LINDÓIA,Curitiba,PR
48d9a49b-3534-4965-8fb1-0843daaa15eb,R. DJALMA FERREIRA MACIEL,1119,81010-270,LINDÓIA,Curitiba,PR
6b7600a0-e2ef-4dee-a04c-659acd399531,R. ALEIXO BETTEGA,635,81010-280,LINDÓIA,Curitiba,PR
1e5963d4-8498-4d50-8ea1-1bb1c1d6d927,R. LEON TOLSTOI,1300,81010-090,LINDÓIA,Curitiba,PR
f74ed8e5-1d06-4292-9759-9e3892bbf922,R. LEON TOLSTOI,597,81010-090,LINDÓIA,Curitiba,PR
9979d7e0-6be4-4594-94fc-badabc897042,R. LEON TOLSTOI,788,81010-090,LINDÓIA,Curitiba,PR
10ab0db8-b6dc-4710-aac4-9ba54a21e57d,R. ANTERO DE QUENTAL,458,81010-150,LINDÓIA,Curitiba,PR
a75ebe42-4964-418a-a0cb-543dc67255c8,R. CAPITÃO JOÃO ZALESKI,842,81010-080,LINDÓIA,Curitiba,PR
93ae3bb4-8b5c-4da7-b2d1-0da6c36ed477,AV. PRESIDENTE WENCESLAU BRAZ,2673,81010-000,LINDÓIA,Curitiba,PR
383f7e1d-cd94-4ac1-a4e3-40d1d3bc4cc2,R. VICTOR HUGO,738,81010-130,LINDÓIA,Curitiba,PR
950e70e8-e629-4af6-b037-19d03df07437,AV. HENRY FORD,584,81010-100,LINDÓIA,Curitiba,PR
dc8b841b-2469-447b-a4ed-200ca40fc4f5,R. LEON TOLSTOI,293,81010-090,LINDÓIA,Curitiba,PR
8ab75e33-eaca-49b0-9d05-0b48a6e82e02,R. SANTA JOANA DARC,580,81010-190,LINDÓIA,Curitiba,PR
dd29c7bc-e2aa-40fe-b4c6-ab920d8c1b7c,R. CAPITÃO JOÃO ZALESKI,1423,81010-080,LINDÓIA,Curitiba,PR
be9260b4-e9e4-4d58-b31a-b3c1480a2af7,AV. HENRY FORD,584,81010-100,LINDÓIA,Curitiba,PR
726d4b38-6eba-464a-98de-2114420ba5af,AV. PRESIDENTE WENCESLAU BRAZ,2835,81010-001,LINDÓIA,Curitiba,PR
95bf1b00-6398-4ead-816c-b69cb730a7b5,AV. PRESIDENTE WENCESLAU BRAZ,2931,81010-001,LINDÓIA,Curitiba,PR
7f83ad93-f180-4211-b6c2-dbfcd194463f,TV. JEFERSON REIS ROSA,20,81010-152,LINDÓIA,Curitiba,PR
01cee346-dd6c-464a-9e37-52043b071b7b,AV. PRESIDENTE WENCESLAU BRAZ,2263,81010-000,LINDÓIA,Curitiba,PR
bfb5ae18-531b-41cb-9818-91da4bcebad6,R. EMILE ZOLA,383,81010-270,LINDÓIA,Curitiba,PR
86c228e8-2bb7-4432-986a-513bf3d43228,R. DJALMA FERREIRA MACIEL,1131,81010-270,LINDÓIA,Curitiba,PR
da78cb70-3d33-403f-b696-4ad7915c5907,R. GALILEU GALILEI,471,81010-180,LINDÓIA,Curitiba,PR
1a53048c-140f-4fe7-b473-9ea1ea089737,R. CAPITÃO JOÃO ZALESKI,523,81010-080,LINDÓIA,Curitiba,PR
819219a9-6b7f-41c0-b08e-1a35fba98777,R. TOMÉ DE SOUZA,35,81010-010,LINDÓIA,Curitiba,PR
ac06aab6-6dd8-4881-ad4d-130d30f67114,AV. PRESIDENTE WENCESLAU BRAZ,1893,81010-000,LINDÓIA,Curitiba,PR
9eabc5d9-0bef-4517-8159-f0ea3740a4dc,R. PROFESSOR OSCAR KOLBE,2,81010-240,LINDÓIA,Curitiba,PR
ca81ec30-f5a6-4c93-a667-271706c18221,R. CONDE DOS ARCOS,1054,81010-120,LINDÓIA,Curitiba,PR
38ffc0b3-817e-487b-822d-a37baf3d169b,R. AMÉRICO VESPÚCIO,636,81010-250,LINDÓIA,Curitiba,PR
8159193e-b600-4774-ab7d-34c0582703a3,R. EMILE ZOLA,457,81010-260,LINDÓIA,Curitiba,PR
df5ed1ae-2947-459a-9647-98e6fa51aaf1,AV. HENRY FORD,66,81010-100,LINDÓIA,Curitiba,PR
579e5525-0dd1-4df3-9249-601a3a0ea132,R. ALEXANDRE SALATA,437,81010-030,LINDÓIA,Curitiba,PR
a3c5b274-f33e-455f-ad0d-26ec8b067e8b,R. JOSINA RAMOS RÉGIO,22,81010-210,LINDÓIA,Curitiba,PR
325a4678-7b37-455d-8068-07552434b89c,AV. SANTA BERNADETHE,894,81010-200,LINDÓIA,Curitiba,PR
cfb49121-50f6-4145-aaaa-8a4574e7d8e4,R. EMILE ZOLA,538,81010-260,LINDÓIA,Curitiba,PR
9638fd66-6b36-42fd-b804-68c4d68ff66b,R. CONDE DOS ARCOS,892,81010-120,LINDÓIA,Curitiba,PR
d61b0013-e9e9-4597-9d71-0fb8fb28dc77,R. TOMÉ DE SOUZA,67,81010-010,LINDÓIA,Curitiba,PR
ac89ecd4-b81a-4975-8557-f1e2d54614cd,R. CAPITÃO JOÃO ZALESKI,383,81010-080,LINDÓIA,Curitiba,PR
fb2ce448-6fdf-4d5c-8702-b61d022ae7a2,R. OSCAR WILDE,623,81010-230,LINDÓIA,Curitiba,PR
2cf743ca-4fea-4e9b-9552-2ff253354d84,R. VICTOR HUGO,318,81010-130,LINDÓIA,Curitiba,PR
cd18a589-6cda-41aa-9d66-eaf5a1e67f18,AV. HENRY FORD,1910,81010-100,LINDÓIA,Curitiba,PR
e34a0f2c-e5de-47b4-b9d9-fdd5281d9c03,R. CONDE DOS ARCOS,488,81010-120,LINDÓIA,Curitiba,PR
87bcbda9-5093-4976-b805-12a9a371a85c,R. JOSINA RAMOS RÉGIO,199,81010-210,LINDÓIA,Curitiba,PR
6362eb54-f096-42e9-b5d1-8e84214d620f,R. SANTA JOANA DARC,291,81010-190,LINDÓIA,Curitiba,PR
ba4fc4a8-749e-4b64-8679-e836b627d34a,R. LEON TOLSTOI,78,81010-090,LINDÓIA,Curitiba,PR
f000b979-72ee-457b-91c9-af64083377a6,R. CONDE DOS ARCOS,472,81010-120,LINDÓIA,Curitiba,PR
b5031ae8-374f-413a-9ead-af117d07b75c,AV. PRESIDENTE WENCESLAU BRAZ,1297,81010-010,LINDÓIA,Curitiba,PR
be77585a-103d-456f-84bf-0b0740572902,R. VICTOR HUGO,364,81010-130,LINDÓIA,Curitiba,PR
acaeb51a-3122-4ab7-8912-119e8725b486,AV. PRESIDENTE WENCESLAU BRAZ,2021,81010-000,LINDÓIA,Curitiba,PR
a7edbb1f-01be-4575-b84e-1a82ff690d24,R. AMÉRICO VESPÚCIO,321,81010-250,LINDÓIA,Curitiba,PR
51f4e379-2e2d-4cef-8dfb-91c80715a13b,R. CAPITÃO JOÃO ZALESKI,1310,81010-080,LINDÓIA,Curitiba,PR
db7c16c3-fe3d-4379-aade-f51a4a2daaff,AV. PRESIDENTE WENCESLAU BRAZ,2221,81010-000,LINDÓIA,Curitiba,PR
7937038c-303c-4c53-b059-2f66871041e9,R. OSCAR WILDE,816,81010-230,LINDÓIA,Curitiba,PR
2ffd83a4-3b0f-4808-9909-becf9de458d9,R. DJALMA FERREIRA MACIEL,755,81010-270,LINDÓIA,Curitiba,PR
a9372819-14b0-43e3-9cb4-06ced5427560,R. TOMÉ DE SOUZA,67,81010-010,LINDÓIA,Curitiba,PR
e1058472-42f0-4071-9f70-85ccbc0bca56,R. ALEXANDRE SALATA,554,81010-030,LINDÓIA,Curitiba,PR
bb208249-afe0-4a7d-b46c-96bcc6f2d9ae,R. ALEIXO BETTEGA,481,81010-280,LINDÓIA,Curitiba,PR
ab3262de-68db-4569-813c-8762e1dbee8c,AV. PRESIDENTE WENCESLAU BRAZ,1172,81010-000,LINDÓIA,Curitiba,PR
545d4e3a-4aa6-472a-94a5-79cc7a886624,AV. PRESIDENTE WENCESLAU BRAZ,2499,81010-000,LINDÓIA,Curitiba,PR
11c98dd1-9d02-4608-8f2a-74fd04e4b943,R. SANTA JOANA DARC,208,81010-190,LINDÓIA,Curitiba,PR
b6c4a34a-bb38-4a11-8efd-3c956905c0e1,R. EMILE ZOLA,520,81010-260,LINDÓIA,Curitiba,PR
f3ac96c1-8466-4708-9630-4d1b452cf72c,R. PROFESSOR OSCAR KOLBE,175,81010-240,LINDÓIA,Curitiba,PR
06957214-cc27-4d60-b195-4ec73e40c304,R. ALEXANDRE SALATA,566,81010-030,LINDÓIA,Curitiba,PR
12a26824-abd9-4832-a4ec-3cb4a221366d,R. GALILEU GALILEI,372,81010-180,LINDÓIA,Curitiba,PR
56570234-2a5a-44cd-9053-d881984f6ff0,R. DJALMA FERREIRA MACIEL,333,81010-270,LINDÓIA,Curitiba,PR
45020a68-1294-401b-84fd-522e5275148a,R. CONDE DOS ARCOS,169,81010-120,LINDÓIA,Curitiba,PR
f98bc2b5-be55-4b5f-ac59-f4452fe0f765,R. GALILEU GALILEI,336,81010-180,LINDÓIA,Curitiba,PR
13ea978b-f960-4944-bfd3-a53219cb94d3,R. ANTERO DE QUENTAL,187,81010-150,LINDÓIA,Curitiba,PR
c39da380-6c6e-44a0-b224-3da8ac7f30a6,R. VICTOR HUGO,608,81010-130,LINDÓIA,Curitiba,PR
3dd91d46-d899-458e-9858-697aa6b670c5,R. ALEXANDRE SALATA,581,81010-030,LINDÓIA,Curitiba,PR
23755e9c-daff-44c2-bdb1-0b43fecd6267,R. CAPITÃO JOÃO ZALESKI,371,81010-080,LINDÓIA,Curitiba,PR
454e23c3-b25b-46f4-a315-75d858a4005b,R. CONDE DOS ARCOS,347,81010-120,LINDÓIA,Curitiba,PR
1db1f00a-5d67-44df-a562-bf81c64480f5,AV. PRESIDENTE WENCESLAU BRAZ,1893,81010-000,LINDÓIA,Curitiba,PR
363da0af-9661-410a-9d06-af051ce20d48,R. CONDE DOS ARCOS,1338,81010-120,LINDÓIA,Curitiba,PR
8cc2736b-9c5a-4439-9ce8-80a8934c443a,R. LEON TOLSTOI,110,81010-090,LINDÓIA,Curitiba,PR
db88bc26-a46e-4074-af4c-5a9d86f47d27,R. CONDE DOS ARCOS,182,81010-120,LINDÓIA,Curitiba,PR
4695ce85-1b8b-49bc-8883-935f05614d22,R. LEON TOLSTOI,833,81010-090,LINDÓIA,Curitiba,PR
0de0155b-cd64-4645-a1ac-ee3f2ab7127d,R. DJALMA FERREIRA MACIEL,713,81010-270,LINDÓIA,Curitiba,PR
5836a873-7f3f-455f-8444-6b3b5d3fe539,R. ALEIXO BETTEGA,123,81010-280,LINDÓIA,Curitiba,PR
af9e2324-50ac-42c7-b3c1-7f5312ad77d2,R. CAPITÃO JOÃO ZALESKI,842,81010-080,LINDÓIA,Curitiba,PR
f6ebafde-963f-452a-bc27-1f9f53ff2044,R. TOMÉ DE SOUZA,92,81010-080,LINDÓIA,Curitiba,PR
f15adc6d-397f-47c5-b5af-0049bac691fa,AV. SANTA BERNADETHE,690,81010-200,LINDÓIA,Curitiba,PR
069a54cf-6aba-42e2-8d62-2799b4456e0a,R. CAPITÃO JOÃO ZALESKI,842,81010-080,LINDÓIA,Curitiba,PR
cd301afd-d4dc-44a2-a368-37980f71294a,R. JOSINA RAMOS RÉGIO,231,81010-210,LINDÓIA,Curitiba,PR
27ddda15-39e4-4621-b56f-833c48cc10c3,R. ANTERO DE QUENTAL,458,81010-150,LINDÓIA,Curitiba,PR
242226ec-b9d3-47cd-9ca5-48ae7dd1230b,R. ANTERO DE QUENTAL,483,81010-150,LINDÓIA,Curitiba,PR
07de91b0-8dbd-417c-863d-3cd1f50a8180,AV. SANTA BERNADETHE,690,81010-200,LINDÓIA,Curitiba,PR
f093b6cf-0d47-4142-a5e6-fdebb42edddc,R. ANTERO DE QUENTAL,211,81010-150,LINDÓIA,Curitiba,PR
57c0d1f7-fb86-46ab-a2a9-14b618ec21e2,AV. PRESIDENTE WENCESLAU BRAZ,2581,81010-000,LINDÓIA,Curitiba,PR
fc1d3903-2e03-4ea3-bf53-876bf8f668a9,AV. PRESIDENTE WENCESLAU BRAZ,1623,81010-000,LINDÓIA,Curitiba,PR
0329de9b-4515-4c7c-b981-0a5e3ebdb8cd,R. EMILE ZOLA,285,81010-260,LINDÓIA,Curitiba,PR
0eb18f1d-e0aa-49e4-ab01-0e4a7c418ad8,AV. HENRY FORD,2074,81010-100,LINDÓIA,Curitiba,PR
12ed5a8a-374e-431b-ac08-f620671da158,R. ANTONIO PIRES DA SILVA,48,81010-420,LINDÓIA,Curitiba,PR
2760191a-1735-4443-b319-8e90cb0eae62,R. ANTERO DE QUENTAL,595,81010-150,LINDÓIA,Curitiba,PR
7141161d-bba5-4db4-812c-2ec4b0ea5aec,R. DJALMA FERREIRA MACIEL,635,81010-270,LINDÓIA,Curitiba,PR
79d21b37-57a5-4ad8-a516-8d5dc90d949a,R. CAPITÃO JOÃO ZALESKI,1310,81010-080,LINDÓIA,Curitiba,PR
870d0bbc-fb73-4596-8f3d-666f359285d7,R. CAPITÃO JOÃO ZALESKI,235,81010-080,LINDÓIA,Curitiba,PR
6f0b4e1f-931c-4717-ae13-2ce6fed54799,AV. PRESIDENTE WENCESLAU BRAZ,1387,81010-000,LINDÓIA,Curitiba,PR
d755426f-9ee9-441f-8170-bdcf618211e1,AV. PRESIDENTE WENCESLAU BRAZ,1893,81010-000,LINDÓIA,Curitiba,PR
10a88b2b-8c78-47ef-9f99-8b4163af0656,R. LEON TOLSTOI,78,81010-090,LINDÓIA,Curitiba,PR
c452debe-609c-4a3d-a133-5a0da81ae37e,R. EMILE ZOLA,158,81010-260,LINDÓIA,Curitiba,PR
f9ce1953-b4c1-4a7c-baab-d1c74ff9390c,R. DJALMA FERREIRA MACIEL,712,81010-270,LINDÓIA,Curitiba,PR
6305ced2-83f7-416e-9169-cf8acbd7a1a0,R. LEON TOLSTOI,670,81010-090,LINDÓIA,Curitiba,PR
f2ba0998-7ec3-4789-97cf-6acd497bef98,R. ANTERO DE QUENTAL,211,81010-150,LINDÓIA,Curitiba,PR
fb2d26e4-58e4-4c3f-a338-ca43ecbd7b6a,R. OSCAR WILDE,955,81010-230,LINDÓIA,Curitiba,PR
668553d0-30fc-487a-9eb5-69a1ae586106,R. CONDE DOS ARCOS,1325,81010-120,LINDÓIA,Curitiba,PR
29d24b73-d787-4370-86cc-da79ad2d6617,R. CAPITÃO JOÃO ZALESKI,1703,81010-080,LINDÓIA,Curitiba,PR
aced6e8c-8f5f-4543-8e45-f5aa3092f5a4,R. NICOLAU SERRATO SOBRINHO,1316,81010-400,LINDÓIA,Curitiba,PR
4426885a-376a-4b7f-8721-596d5175a486,R. ANTERO DE QUENTAL,458,81010-150,LINDÓIA,Curitiba,PR
5cea2413-c838-488f-83e8-7a07fda43afd,R. ANTERO DE QUENTAL,247,81010-150,LINDÓIA,Curitiba,PR
88c0774f-f7b6-420c-b46a-71184492e014,AV. SANTA BERNADETHE,690,81010-200,LINDÓIA,Curitiba,PR
a9963863-70a4-44da-9644-b5790b1a5e90,R. EMILE ZOLA,487,81010-260,LINDÓIA,Curitiba,PR
cf955aae-30ae-48e6-992c-f955a9d368e4,R. LEON TOLSTOI,677,81010-090,LINDÓIA,Curitiba,PR
d1244641-9a62-40c8-9e4e-c5196732d734,AV. PRESIDENTE WENCESLAU BRAZ,2035,81010-000,LINDÓIA,Curitiba,PR
0a79e1f5-4be4-41c3-9a7b-94ad392373c5,R. TOMÉ DE SOUZA,81,81010-010,LINDÓIA,Curitiba,PR
3a11c823-4f35-43af-8cab-1029d41fc282,AV. PRESIDENTE WENCESLAU BRAZ,1893,81010-000,LINDÓIA,Curitiba,PR
a26677a1-0616-4176-a45e-2c8b4362c04a,R. LEON TOLSTOI,775,81010-090,LINDÓIA,Curitiba,PR
a9955555-6d6b-42cc-86aa-2a19893cd9c2,R. EMILE ZOLA,177,81010-260,LINDÓIA,Curitiba,PR
f48de543-b2dd-4ca0-98ff-87f5d0bf2bc9,R. LEON TOLSTOI,1218,81010-090,LINDÓIA,Curitiba,PR
c5265d43-9db9-4e0e-80a5-5030f86f0eed,R. CONDE DOS ARCOS,219,81010-120,LINDÓIA,Curitiba,PR
657d736d-1c0e-4e54-a878-e21f3ba0d6a3,R. ALEIXO BETTEGA,563,81010-280,LINDÓIA,Curitiba,PR
3d36e89a-137d-424f-aed0-1cab19091189,R. AMÉRICO VESPÚCIO,163,81010-250,LINDÓIA,Curitiba,PR
92aad369-4ea7-4408-aaf1-bb948cdfe88d,R. CONDE DOS ARCOS,752,81010-120,LINDÓIA,Curitiba,PR
e5b543fe-1f08-48d8-a83d-9fc5a94983eb,R. ALEIXO BETTEGA,777,81010-280,LINDÓIA,Curitiba,PR
9cc74544-15f8-483b-b4af-8909014e1136,R. CONDE DOS ARCOS,98,81010-120,LINDÓIA,Curitiba,PR
0834fbac-cbcb-4912-80ff-0044e505dea4,R. CONDE DOS ARCOS,240,81010-120,LINDÓIA,Curitiba,PR
a0be486c-89cb-4f28-a5ce-7daef19eefa5,R. CONDE DOS ARCOS,170,81010-120,LINDÓIA,Curitiba,PR
6f08b03e-9fef-464d-b460-333e1a2fa1ef,AV. PRESIDENTE WENCESLAU BRAZ,1267,81010-000,LINDÓIA,Curitiba,PR
2f4d3a62-0faf-4a9e-80a4-b578c4d818ae,R. CAPITÃO JOÃO ZALESKI,235,81010-080,LINDÓIA,Curitiba,PR
a83fb739-6a91-481a-8d8d-9e165f9fe46a,R. ALEXANDRE SALATA,384,81010-030,LINDÓIA,Curitiba,PR
0fe19520-5faa-452a-80a7-7c6f93c6f2d0,R. ALEIXO BETTEGA,371,81010-280,LINDÓIA,Curitiba,PR
c22e3e8e-e75e-4691-b416-0ca4e6474669,R. CAPITÃO JOÃO ZALESKI,875,81010-080,LINDÓIA,Curitiba,PR
3f46784f-a957-419b-b4bb-9088a258f4de,R. CONDE DOS ARCOS,473,81010-120,LINDÓIA,Curitiba,PR
93724f89-ede8-4775-8ce9-40411c375285,R. ALEIXO BETTEGA,443,81010-280,LINDÓIA,Curitiba,PR
304fe266-a2a0-4ff6-9426-468c3b7526e5,AV. PRESIDENTE WENCESLAU BRAZ,1172,81010-000,LINDÓIA,Curitiba,PR
836ca273-8871-40ba-b1a4-5d4c2c18707a,R. CONDE DOS ARCOS,473,81010-120,LINDÓIA,Curitiba,PR
a09658c7-be49-46f5-8f9d-c881355f8d02,R. LEON TOLSTOI,36,81810-090,LINDÓIA,Curitiba,PR
90ceed98-dded-4367-bfc5-8e0701747e34,R. GALILEU GALILEI,460,81010-180,LINDÓIA,Curitiba,PR
aef207b0-0430-4367-925d-2427fc359d92,R. JOSINA RAMOS RÉGIO,312,81010-210,LINDÓIA,Curitiba,PR
b0176b0c-3c38-4aa4-9396-730b9c2f91aa,R. DJALMA FERREIRA MACIEL,1120,81010-270,LINDÓIA,Curitiba,PR
8f10ac38-1f03-4122-967e-4a801712d285,R. GALILEU GALILEI,834,81010-180,LINDÓIA,Curitiba,PR
49c55a9b-5eac-4987-bf7a-6a5bb4e91c27,R. CAMILO CASTELO BRANCO,497,81010-170,LINDÓIA,Curitiba,PR
6c32c73a-00e7-46dd-a6b6-6cf2d0e90810,R. ANTONIO PIRES DA SILVA,101,81010-182,LINDÓIA,Curitiba,PR
7ae3bc57-4c6d-4b83-98fb-45e71cad62be,R. EMILE ZOLA,476,81010-260,LINDÓIA,Curitiba,PR
79573c60-5dd8-4b47-b8ba-b4f2f845be27,R. CAPITÃO JOÃO ZALESKI,1763,81010-080,LINDÓIA,Curitiba,PR
b43d65be-9af0-4840-9b1a-f00122225b26,R. EMILE ZOLA,125,81010-260,LINDÓIA,Curitiba,PR
44e92171-8d3a-4754-817a-f11f5dc3ff46,R. LEON TOLSTOI,293,81010-090,LINDÓIA,Curitiba,PR
177a5131-2a1f-498e-87a7-7792f9581566,R. OSCAR WILDE,186,81010-230,LINDÓIA,Curitiba,PR
c7bce4a7-ba38-43ba-873b-cf6b1f1b01e0,AV. HENRY FORD,1238,81010-100,LINDÓIA,Curitiba,PR
38991700-69bc-4607-b954-4ae7d457018c,R. TOMÉ DE SOUZA,67,81010-010,LINDÓIA,Curitiba,PR
5992eee5-fe55-45ff-a3b5-6aeb3def37eb,R. LEON TOLSTOI,268,81010-090,LINDÓIA,Curitiba,PR
66478378-0449-4051-abff-40035346b56e,R. MEM DE SÁ,462,81010-110,LINDÓIA,Curitiba,PR
da7e3813-0a2c-4f7b-b4df-309ba5599c71,R. CONDE DOS ARCOS,438,81010-120,LINDÓIA,Curitiba,PR
b86d59ae-4d00-4dd5-ab3f-95f4a043868a,R. CONDE DOS ARCOS,426,81010-120,LINDÓIA,Curitiba,PR
8237784b-fa7c-4394-93e3-296a51ca0ccb,R. DJALMA FERREIRA MACIEL,154,81010-270,LINDÓIA,Curitiba,PR
2aefccad-b393-431f-af74-4c687aa19d82,R. VICTOR HUGO,701,81010-130,LINDÓIA,Curitiba,PR
246ccb73-40bc-4916-af52-c1cfe8f599cc,AV. PRESIDENTE WENCESLAU BRAZ,2065,81010-000,LINDÓIA,Curitiba,PR
2c62a7d8-41ea-430c-b170-dd2c665c1db9,R. ANTERO DE QUENTAL,458,81010-150,LINDÓIA,Curitiba,PR
939b618d-cd2b-4b67-9f80-ea30316c71df,AV. PRESIDENTE WENCESLAU BRAZ,1965,81010-000,LINDÓIA,Curitiba,PR
870ef607-42c1-4000-aef7-90a0a5ff5bc9,R. GALILEU GALILEI,197,81010-180,LINDÓIA,Curitiba,PR
c8a6895b-a6c3-4e30-8dc8-c0442d30bd9a,R. EMILE ZOLA,245,81010-260,LINDÓIA,Curitiba,PR
1dbdb227-ad8a-4605-9ffd-59e601e48993,R. LEON TOLSTOI,1063,81010-090,LINDÓIA,Curitiba,PR
d02933cc-eb4f-41aa-a71c-7e1eff7bd5b0,R. DUARTE DA COSTA,504,81010-060,LINDÓIA,Curitiba,PR
e27b0721-6021-40c2-b190-d90e59cf3e4b,R. EMILE ZOLA,257,81010-260,LINDÓIA,Curitiba,PR
14d95386-3a2f-412b-bdbf-bb12337007fb,TV. JEFERSON REIS ROSA,20,81010-152,LINDÓIA,Curitiba,PR
7ff05de1-5acf-416f-96de-da8daf3a000a,R. CONDE DOS ARCOS,287,81010-120,LINDÓIA,Curitiba,PR
a1d87c49-c0cc-479e-86ab-32fd07fd260d,AV. SANTA BERNADETHE,994,81010-200,LINDÓIA,Curitiba,PR
07bec866-6c84-454d-8986-b81263291100,R. GALILEU GALILEI,197,81010-180,LINDÓIA,Curitiba,PR
08925356-db5b-44a3-8b3b-81db1a207cf9,AV. PRESIDENTE WENCESLAU BRAZ,1267,81010-000,LINDÓIA,Curitiba,PR
df02f518-2591-4e0e-9a2d-10c351f667ee,R. SANTA JOANA DARC,175,81010-190,LINDÓIA,Curitiba,PR
5aa3c50c-c214-4ae6-8d74-e21dac234fdb,R. AMÉRICO VESPÚCIO,667,81010-250,LINDÓIA,Curitiba,PR
e49effff-4883-4991-be88-7b9f0f70b6c9,R. CONDE DOS ARCOS,111,81010-120,LINDÓIA,Curitiba,PR
b30f7474-b5b1-415c-bc7e-870a64784a0c,R. OSCAR WILDE,359,81010-230,LINDÓIA,Curitiba,PR
b1dee473-09b7-4c01-b5d8-48303b2966d2,R. OSCAR WILDE,405,81010-230,LINDÓIA,Curitiba,PR
d6ccab04-a8dd-45ce-befc-b0d078ec6195,AV. PRESIDENTE WENCESLAU BRAZ,2801,81010-001,LINDÓIA,Curitiba,PR
6d5ab060-598b-447e-9eae-67e218c95f08,R. CAPITÃO JOÃO ZALESKI,1715,81010-080,LINDÓIA,Curitiba,PR
88c9a688-9405-4b15-b982-aace13d115cc,R. CONDE DOS ARCOS,1183,81010-120,LINDÓIA,Curitiba,PR
c3ffe087-87f1-4c28-8d5f-25b825067baf,R. ANTERO DE QUENTAL,432,81010-150,LINDÓIA,Curitiba,PR
f7acf3f7-4aed-4a05-828c-b4268a7e33af,R. CONDE DOS ARCOS,880,81010-120,LINDÓIA,Curitiba,PR
ba107a0a-bbe4-413e-8e72-395f6f829f4e,R. AMÉRICO VESPÚCIO,579,81010-250,LINDÓIA,Curitiba,PR
0b4eb21b-0c7a-4ca3-a9cc-a188db92a3cf,AV. SANTA BERNADETHE,725,81010-200,LINDÓIA,Curitiba,PR
da65da5a-217b-4fc6-ac6c-57f02c69d47f,AV. HENRY FORD,1210,81010-100,LINDÓIA,Curitiba,PR
9a3b1753-b064-49bc-9fa4-f3e4c9be05d9,R. DJALMA FERREIRA MACIEL,73,81010-270,LINDÓIA,Curitiba,PR
9a9b2ea6-bcd4-47cf-8c13-0ea11cded972,R. OSCAR WILDE,88,81010-230,LINDÓIA,Curitiba,PR
61ce9741-fba2-4a37-90ac-56338640aaec,AV. HENRY FORD,18,81010-100,LINDÓIA,Curitiba,PR
524bf962-78ad-4a80-9903-8e8abadd3b2f,R. LEON TOLSTOI,147,81010-090,LINDÓIA,Curitiba,PR
0cae79b3-e5f9-4412-8062-92e765cd4ff5,R. SANTA JOANA DARC,310,81010-190,LINDÓIA,Curitiba,PR
2fff1534-c4eb-4829-90e4-93e841c58e7e,R. CAMILO CASTELO BRANCO,620,81010-170,LINDÓIA,Curitiba,PR
706d3d8c-8cd5-4daa-a1b7-998bbc5de838,R. ALEXANDRE SALATA,623,81010-030,LINDÓIA,Curitiba,PR
2c96ea4b-1f23-4a16-901b-1a1daacca2c4,R. DJALMA FERREIRA MACIEL,579,81010-270,LINDÓIA,Curitiba,PR
22427f16-c9a8-4791-9fc8-34edbcaa2831,AV. SANTA BERNADETHE,1131,81010-200,LINDÓIA,Curitiba,PR
671b0615-4e2a-47aa-bef4-44c847e28074,R. ROBERTO KOCH,1014,81010-220,LINDÓIA,Curitiba,PR
79f49cb2-d3e1-4eef-bf33-e914a6925a42,AV. HENRY FORD,584,81010-100,LINDÓIA,Curitiba,PR
1cc8594a-c999-455a-8bb6-19be32ca4487,AV. PRESIDENTE WENCESLAU BRAZ,1893,81010-000,LINDÓIA,Curitiba,PR
cc130a65-a91b-4514-930e-deadc209e0df,R. DJALMA FERREIRA MACIEL,1143,81010-270,LINDÓIA,Curitiba,PR
85ab63ef-742f-4667-a67a-3e677498bb49,AV. PRESIDENTE WENCESLAU BRAZ,1605,81010-000,LINDÓIA,Curitiba,PR
7ca5b1c5-9708-4746-9ce8-d6d5ab5b33dc,R. DJALMA FERREIRA MACIEL,944,81010-270,LINDÓIA,Curitiba,PR
6c34f389-caa4-4ab4-8183-a9477adb0269,R. AMÉRICO VESPÚCIO,636,81010-250,LINDÓIA,Curitiba,PR
68fb758c-8d58-40c5-b0a7-d943dc98e86d,R. CAMILO CASTELO BRANCO,383,81010-090,LINDÓIA,Curitiba,PR
ff243027-d4b0-40df-9f80-d3a3b1692de6,R. OSCAR WILDE,669,81010-230,LINDÓIA,Curitiba,PR
c97a2320-aea1-49f0-bea5-5d160f5d6fa6,R. ROBERTO KOCH,560,81010-220,LINDÓIA,Curitiba,PR
c70f5c0d-4c19-474b-99c4-08b7005f6cb0,AV. PRESIDENTE WENCESLAU BRAZ,1893,81010-000,LINDÓIA,Curitiba,PR
3254bb52-c1ad-4ae7-a708-0188c36fe7d4,R. EMILE ZOLA,439,81010-260,LINDÓIA,Curitiba,PR
5690e376-dd31-4829-994b-cbec871e0307,R. LEON TOLSTOI,209,81010-090,LINDÓIA,Curitiba,PR
54460ee3-52dc-4919-bb15-e336d792d2c8,R. CONDE DOS ARCOS,472,81010-120,LINDÓIA,Curitiba,PR
cc841e82-a8a1-4e2d-975c-3119fc44f0e0,R. ROBERTO KOCH,187,81010-220,LINDÓIA,Curitiba,PR
5052d66c-218e-4ac1-b60c-43923ee07d53,R. CAMILO CASTELO BRANCO,342,81010-170,LINDÓIA,Curitiba,PR
6d4fc7cb-78b5-4f35-a88a-471f91df6e71,R. CAPITÃO JOÃO ZALESKI,172,81010-080,LINDÓIA,Curitiba,PR
502304a5-3fd3-4e33-b185-211bcebc1ca1,R. CAMILO CASTELO BRANCO,595,81010-170,LINDÓIA,Curitiba,PR
d45c053a-6463-42e9-afca-46acd5428626,R. GALILEU GALILEI,512,81010-180,LINDÓIA,Curitiba,PR
01aa92e8-519f-442c-9aef-f9bd75ec2afd,R. CONDE DOS ARCOS,856,81010-120,LINDÓIA,Curitiba,PR
5aa0791e-23de-453d-bffd-5e093e0242a0,AV. SANTA BERNADETHE,63,81010-200,LINDÓIA,Curitiba,PR
8b5da831-485d-40ae-a164-f73a1edec811,R. JOSINA RAMOS RÉGIO,44,81010-210,LINDÓIA,Curitiba,PR
9e579fa5-53b2-4048-b18f-82643f4f5989,R. AMÉRICO VESPÚCIO,292,81010-250,LINDÓIA,Curitiba,PR
0d973a09-948b-45af-be8e-1167e777ed5b,R. SANTA JOANA DARC,864,81010-190,LINDÓIA,Curitiba,PR
3aef81a6-afcc-4a29-ae97-67d778af10a8,R. ANTERO DE QUENTAL,607,81010-150,LINDÓIA,Curitiba,PR
440e9b02-49e9-4b52-8ae9-0fbbe5b0e385,R. ROBERTO KOCH,880,81010-220,LINDÓIA,Curitiba,PR
edb7bfba-4c43-4b98-bfb1-92277a846915,R. LEON TOLSTOI,437,81010-090,LINDÓIA,Curitiba,PR
9ef6a33f-21a1-4a06-bd86-78a86641d6ee,R. LEON TOLSTOI,739,81010-090,LINDÓIA,Curitiba,PR
fb98ddaa-c67f-4a38-9a81-4c314fc33e69,R. CAPITÃO JOÃO ZALESKI,842,81010-080,LINDÓIA,Curitiba,PR
730bee61-63d9-44fa-8e6a-6a4b1ccfd646,AV. PRESIDENTE WENCESLAU BRAZ,1243,81010-000,LINDÓIA,Curitiba,PR
f102898c-8cba-4a26-a11c-4e295ef81d8a,AV. PRESIDENTE WENCESLAU BRAZ,2311,81010-000,LINDÓIA,Curitiba,PR
da3c5780-21e8-45c2-8f9f-0301de78b857,R. ROBERTO KOCH,705,81010-220,LINDÓIA,Curitiba,PR
f786d779-2787-467b-a812-1e3b65ebec8c,R. PROFESSOR OSCAR KOLBE,200,81010-240,LINDÓIA,Curitiba,PR
d3ff219c-1247-42ef-a6d4-3385a0253347,R. DJALMA FERREIRA MACIEL,736,81010-270,LINDÓIA,Curitiba,PR
7e8c4a42-894e-4d6f-a4c7-d33617348d3f,R. CONDE DOS ARCOS,1095,81010-120,LINDÓIA,Curitiba,PR
39f57cb9-79d3-4f2f-aec5-7db1baa898f0,R. MEM DE SÁ,185,81010-090,LINDÓIA,Curitiba,PR
d6911ba8-c5bb-4a34-a247-5f89f0c8096c,AV. SANTA BERNADETHE,690,81010-200,LINDÓIA,Curitiba,PR
1cddc9b7-05a5-4ced-a661-cf2b19cd5ac9,R. CAPITÃO JOÃO ZALESKI,1310,81010-080,LINDÓIA,Curitiba,PR
56f9f5ea-b6d5-4efb-b56d-ce5ed87c1788,AV. PRESIDENTE WENCESLAU BRAZ,1172,81010-000,LINDÓIA,Curitiba,PR
a3897e7a-f229-4fb6-b801-d443ecba9f53,R. CONDE DOS ARCOS,170,81010-120,LINDÓIA,Curitiba,PR
9987ad50-84f5-45c0-80c6-0cc12a9624ec,AV. SANTA BERNADETHE,690,81010-200,LINDÓIA,Curitiba,PR
1e8cf966-c1a4-44a4-9c66-b039336c91d4,AV. PRESIDENTE WENCESLAU BRAZ,1229,81010-000,LINDÓIA,Curitiba,PR
6445246a-0266-47cb-936a-e770214e7ad7,R. EMILE ZOLA,245,81010-260,LINDÓIA,Curitiba,PR
c09b60a5-f05f-4d87-ae36-bfa66218d6f5,AV. PRESIDENTE WENCESLAU BRAZ,1893,81010-000,LINDÓIA,Curitiba,PR
e51fb305-ad19-4cc7-9c59-1731920b0ccc,R. ANTONIO PIRES DA SILVA,108,81010-420,LINDÓIA,Curitiba,PR
ee8c4c86-c6d3-427d-bab0-161c71e0662f,AV. PRESIDENTE WENCESLAU BRAZ,2683,81010-000,LINDÓIA,Curitiba,PR
454c1234-2620-457c-9246-8e4c1f135f0f,R. MEM DE SÁ,574,81010-110,LINDÓIA,Curitiba,PR
ca6158a6-20aa-4399-9ff0-204f148a59e5,R. ALEIXO BETTEGA,423,81010-280,LINDÓIA,Curitiba,PR
54a52987-4304-468b-badc-eb6afa5a6b26,R. CAPITÃO JOÃO ZALESKI,1003,81010-080,LINDÓIA,Curitiba,PR
c012e968-ed30-4c4b-8078-e040cfde3236,R. AMÉRICO VESPÚCIO,649,81010-250,LINDÓIA,Curitiba,PR
a6f15571-8453-4c83-bde9-6279956b1fb3,R. OSCAR WILDE,162,81010-230,LINDÓIA,Curitiba,PR
7af787e3-5314-4f51-93e6-e94e917ad072,R. TOMÉ DE SOUZA,78,81010-010,LINDÓIA,Curitiba,PR
aa7bb19c-0cde-4388-874b-97c98e68fe73,R. GALILEU GALILEI,2092,81010-180,LINDÓIA,Curitiba,PR
68175530-708a-47cd-b50d-68501824a04d,R. DJALMA FERREIRA MACIEL,858,81010-270,LINDÓIA,Curitiba,PR
54fe9a52-be62-4071-8529-0aba1aaeeacc,R. CAPITÃO JOÃO ZALESKI,1703,81010-080,LINDÓIA,Curitiba,PR
e9fd54b7-d876-4488-860a-a931b791de69,R. AMÉRICO VESPÚCIO,636,81010-250,LINDÓIA,Curitiba,PR
5770dfe3-48f7-4ef1-a8ae-8792bd4a6941,R. ROBERTO KOCH,986,81010-220,LINDÓIA,Curitiba,PR
35f4400c-2ebe-498e-a39a-5b38870edb0a,R. SANTA JOANA DARC,197,81010-190,LINDÓIA,Curitiba,PR
fc2b06da-6446-4b6e-ab2d-65c55f20e211,R. DJALMA FERREIRA MACIEL,736,81010-270,LINDÓIA,Curitiba,PR
c26d70d6-ec5f-4a0b-925a-ffea0fd20208,R. CONDE DOS ARCOS,218,81010-120,LINDÓIA,Curitiba,PR
f6423eac-744e-48b6-9720-e5fb1fa2c3f4,AV. PRESIDENTE WENCESLAU BRAZ,1243,81010-000,LINDÓIA,Curitiba,PR
7922c980-ae93-4fbc-9caf-00202d34dd00,R. JOSINA RAMOS RÉGIO,322,81010-210,LINDÓIA,Curitiba,PR
53e2f0c5-c487-4bea-92e4-9220b0a6ebd2,R. OSCAR WILDE,162,81010-230,LINDÓIA,Curitiba,PR
047211cf-ec52-4873-b87c-b2e80deabb21,R. ANTERO DE QUENTAL,622,81320-300,LINDÓIA,Curitiba,PR
ad4650f1-2be2-49c2-9408-45cf902ac66d,R. CONDE DOS ARCOS,1317,81010-120,LINDÓIA,Curitiba,PR
0c2d010a-8094-4e44-b007-f8968b135004,R. AMÉRICO VESPÚCIO,449,81010-250,LINDÓIA,Curitiba,PR
14a16d51-af78-41c2-bb0a-d8ef51048a1a,AV. PRESIDENTE WENCESLAU BRAZ,1172,81010-000,LINDÓIA,Curitiba,PR
269b7c36-ef81-4db6-b72f-be3258f94895,R. DJALMA FERREIRA MACIEL,1034,81010-270,LINDÓIA,Curitiba,PR
a6efa57a-c85b-4c8c-8065-a4d4203fa7a1,R. ANTERO DE QUENTAL,493,81010-150,LINDÓIA,Curitiba,PR
2537b566-d82c-4088-9548-772947601c68,R. LEON TOLSTOI,812,81010-090,LINDÓIA,Curitiba,PR
057043b7-8559-4780-8415-1fde20b61906,R. LEON TOLSTOI,437,81010-090,LINDÓIA,Curitiba,PR
765aa36c-f07e-4f9a-8bc5-e9074c66f707,R. CAPITÃO JOÃO ZALESKI,1115,81010-080,LINDÓIA,Curitiba,PR
50b3fcc4-644d-4771-9131-43c306888285,R. CONDE DOS ARCOS,996,81010-120,LINDÓIA,Curitiba,PR
f30682a1-2f8b-4cf1-aba5-ba007b9380d8,R. CAMILO CASTELO BRANCO,453,81010-170,LINDÓIA,Curitiba,PR
44b193ff-c514-48b5-b74f-0fca4f06c12a,R. MEM DE SÁ,592,81010-110,LINDÓIA,Curitiba,PR
478d4e28-a760-4fb7-bd3c-2b1e86ece879,R. SANTA JOANA DARC,732,81010-190,LINDÓIA,Curitiba,PR
853c3eff-100c-4964-9efb-6a9cc0b83bbe,R. OSCAR WILDE,405,81010-230,LINDÓIA,Curitiba,PR
65c152a1-acf3-415b-a2ed-2a10fc18e790,R. PAULO ROBERTO MUNHOZ COSTA,44,81010-187,LINDÓIA,Curitiba,PR
6b316db6-aff0-47a5-946d-f589be0c54b8,AV. SANTA BERNADETHE,690,81010-200,LINDÓIA,Curitiba,PR
b7569aa4-7bb6-4b6c-9f7c-4f5348025158,R. DJALMA FERREIRA MACIEL,823,81010-270,LINDÓIA,Curitiba,PR
d5b24f26-fd54-4ef4-918b-8fd1b6f974bb,R. PROFESSOR OSCAR KOLBE,200,81010-240,LINDÓIA,Curitiba,PR
ef2fc451-6a02-4135-998b-beacbd996166,R. DJALMA FERREIRA MACIEL,589,81010-270,LINDÓIA,Curitiba,PR
9d09a3bf-9887-4609-a6c7-64e3a37b9182,AV. PRESIDENTE WENCESLAU BRAZ,1281,81010-000,LINDÓIA,Curitiba,PR
14e649b4-fb0e-4000-900c-c36875d389a4,R. JAMAICA,38,81010-020,LINDÓIA,Curitiba,PR
b8905dfb-83d2-457c-a080-196e5fd1c89a,R. CAPITÃO JOÃO ZALESKI,1550,81010-080,LINDÓIA,Curitiba,PR
3f2e7dba-1246-4d94-8f2c-967a22f5617f,R. LEON TOLSTOI,436,81010-090,LINDÓIA,Curitiba,PR
eeafe1ca-177f-4a1e-892f-0fa3c9c612c0,R. CAPITÃO JOÃO ZALESKI,172,81010-080,LINDÓIA,Curitiba,PR
b2f48e73-a581-4189-8e22-4d0d64225d38,R. CAPITÃO JOÃO ZALESKI,1726,81010-080,LINDÓIA,Curitiba,PR
28cb37f4-ec5d-4512-9987-6e7eb60a15c0,R. LEON TOLSTOI,505,81010-090,LINDÓIA,Curitiba,PR
a1dc3e80-c1b2-4744-949b-f27d1c2acf7f,R. ALFREDO MAZZA,32,81010-160,LINDÓIA,Curitiba,PR
882fa2d2-11e2-4952-9064-8d79044039ae,R. DJALMA FERREIRA MACIEL,580,81010-270,LINDÓIA,Curitiba,PR
a3f85e1b-fbbc-4bc9-ae0c-a3e370a91f8c,R. CAPITÃO JOÃO ZALESKI,1538,81010-080,LINDÓIA,Curitiba,PR
114e2888-ce6e-41ef-ab78-b9270e5efcd7,R. CONDE DOS ARCOS,752,81010-120,LINDÓIA,Curitiba,PR
5cc7e960-21e5-4d65-8241-22dc2f54b3ce,R. ROBERTO KOCH,307,81010-220,LINDÓIA,Curitiba,PR
55b2e98b-99c2-4ab7-9ba7-1781a118feab,R. LEON TOLSTOI,750,81010-090,LINDÓIA,Curitiba,PR
366be815-8d7d-46b9-bac3-3797725f07d1,AV. SANTA BERNADETHE,810,81010-200,LINDÓIA,Curitiba,PR
7a1d5b46-1ae1-4b0e-b4bf-465285f1d646,R. LEON TOLSTOI,1135,81010-090,LINDÓIA,Curitiba,PR
3c630169-fbbb-4a01-9246-845986dda3d1,R. PROFESSOR OSCAR KOLBE,218,81010-240,LINDÓIA,Curitiba,PR
0e023d2e-68c3-4ac5-8380-bab91c100eb4,AV. SANTA BERNADETHE,690,81010-200,LINDÓIA,Curitiba,PR
dd4f3536-3623-4a6d-b681-217acb2d9240,R. CAPITÃO JOÃO ZALESKI,337,81010-080,LINDÓIA,Curitiba,PR
e8f77bd8-9b91-45c1-8ab1-417603bff46d,R. CONDE DOS ARCOS,1148,81010-120,LINDÓIA,Curitiba,PR
f41597d0-50e1-48f2-ab68-e38828845f76,R. ILDEFONSO STOCKLER DE FRANÇA,941,81020-040,LINDÓIA,Curitiba,PR
747f4784-7ad4-45bb-875f-0b70ed0843dc,AV. SANTA BERNADETHE,690,81010-200,LINDÓIA,Curitiba,PR
f7bd0694-8f61-4969-8333-4fef10a63611,AV. PRESIDENTE WENCESLAU BRAZ,2065,81010-000,LINDÓIA,Curitiba,PR
9ee6ca6b-ffc2-4e48-aabf-b789afe7e4e0,R. CONDE DOS ARCOS,462,81010-120,LINDÓIA,Curitiba,PR
ba6e59ad-922f-47a7-8923-75858e47b2e1,R. LEON TOLSTOI,1090,81010-090,LINDÓIA,Curitiba,PR
63c8070d-518e-4017-a5f4-d91dbfc870cb,R. CAPITÃO JOÃO ZALESKI,842,81010-080,LINDÓIA,Curitiba,PR
33bbaabd-33a6-4ee1-b051-adca92d2c7a7,R. CONDE DOS ARCOS,1148,81010-120,LINDÓIA,Curitiba,PR
6d679068-fd65-4e65-8d65-15db49b952ed,R. ALEIXO BETTEGA,741,81010-280,LINDÓIA,Curitiba,PR
6cfef5a2-e6f1-4a63-aed4-5dcf398972af,R. SANTA JOANA DARC,292,81010-190,LINDÓIA,Curitiba,PR
c46ce5bb-1545-40e2-9fbe-174c42eac699,R. AMÉRICO VESPÚCIO,636,81010-250,LINDÓIA,Curitiba,PR
6d511f43-cdcc-4377-9140-5a1b29d46f1a,AV. HENRY FORD,842,81010-100,LINDÓIA,Curitiba,PR
f13f1382-3837-442c-ab7c-4f4e14427649,R. CONDE DOS ARCOS,194,81010-120,LINDÓIA,Curitiba,PR
0774ec24-dadd-46c3-b2fb-6e06de9b3724,R. LEON TOLSTOI,147,81010-090,LINDÓIA,Curitiba,PR
22c3b9c5-2214-4a18-82b3-f920b0bf0a52,R. CONDE DOS ARCOS,129,81010-100,LINDÓIA,Curitiba,PR
c89674fc-a0be-4bf8-b09c-0ab174da4249,R. LEON TOLSTOI,739,81010-090,LINDÓIA,Curitiba,PR
84521757-3f05-4462-a0ad-1c76629dc02f,R. DJALMA FERREIRA MACIEL,604,80010-270,LINDÓIA,Curitiba,PR
561e4ce6-c2a7-402d-95df-0c3d71e0a173,R. DJALMA FERREIRA MACIEL,424,81010-080,LINDÓIA,Curitiba,PR
06af1030-575d-4837-b81f-7accc09039b2,R. VICTOR HUGO,472,81010-130,LINDÓIA,Curitiba,PR
a82cc895-2d5e-4418-91c8-2825793d735b,R. SANTA JOANA DARC,604,81010-190,LINDÓIA,Curitiba,PR
31aabc59-1927-49eb-ac14-22d42fe9c59d,R. SANTA JOANA DARC,592,81010-190,LINDÓIA,Curitiba,PR
f6b82cfd-2f7f-4978-9bfd-6e3c26f9a56a,R. MEM DE SÁ,472,81010-110,LINDÓIA,Curitiba,PR
ba4fe14d-5751-4a06-9aca-e980f5fd8b94,R. CONDE DOS ARCOS,698,81010-120,LINDÓIA,Curitiba,PR
b87c0486-c146-4697-bf3e-bada1c858e14,AV. PRESIDENTE WENCESLAU BRAZ,1893,81010-000,LINDÓIA,Curitiba,PR
c5122215-7812-44d8-93c4-72486a662622,GALILEU GALILEI,173,,LINDÓIA,Curitiba,PR
11139f1f-1ea8-426e-b85e-7d0ba412a810,R. AMÉRICO VESPÚCIO,305,81010-250,LINDÓIA,Curitiba,PR
9396f29f-c084-4548-bf58-cf86dbfde0da,R. CONDE DOS ARCOS,218,81010-120,LINDÓIA,Curitiba,PR
ea9b2beb-0f0f-4446-b2c2-8bdc233ac84c,R. CAPITÃO JOÃO ZALESKI,1068,81010-080,LINDÓIA,Curitiba,PR
dd0e585e-07fb-4b51-9b5e-e166b2ab55a7,R. TOMÉ DE SOUZA,43,81010-010,LINDÓIA,Curitiba,PR
5878895c-4bd8-44a5-b2f0-1b6d00bb6949,R. CONDE DOS ARCOS,752,81010-120,LINDÓIA,Curitiba,PR
60c1fe35-1b7e-49ec-a415-858b8bafe8af,R. LEON TOLSTOI,671,81010-090,LINDÓIA,Curitiba,PR
b3d94b31-cf42-4831-b48a-4bef575be4e8,AV. PRESIDENTE WENCESLAU BRAZ,1565,81010-000,LINDÓIA,Curitiba,PR
16b2121d-3571-45e6-82a3-ed3e2246f9ae,R. CONDE DOS ARCOS,194,81010-120,LINDÓIA,Curitiba,PR
47ec8c05-b341-46e5-b266-704a488b6a32,R. AMÉRICO VESPÚCIO,151,81010-250,LINDÓIA,Curitiba,PR
2bb6b07c-132b-4c48-a8e6-cc10a99afacd,R. ROBERTO KOCH,858,81010-220,LINDÓIA,Curitiba,PR
1a882654-b9b0-4d4f-ab75-a30ecce45a85,R. ILDEFONSO STOCKLER DE FRANÇA,984,81020-040,LINDÓIA,Curitiba,PR
5a623813-ba25-4e09-beb9-02a8016f96de,R. CAMILO CASTELO BRANCO,523,81010-170,LINDÓIA,Curitiba,PR
9ce854bf-1634-4e6d-b8b8-4fb70af03983,AV. PRESIDENTE WENCESLAU BRAZ,1451,81010-000,LINDÓIA,Curitiba,PR
878b2a96-f522-465e-9631-670a872e7fc1,R. PROFESSOR OSCAR KOLBE,339,81010-240,LINDÓIA,Curitiba,PR
7d7fa186-355d-4444-b0c1-d7b1c9fcf06f,R. CAPITÃO JOÃO ZALESKI,510,81010-080,LINDÓIA,Curitiba,PR
88f0d8ca-ad87-4cd5-b0b3-66d8e77f04d7,AV. PRESIDENTE WENCESLAU BRAZ,2883,81010-001,LINDÓIA,Curitiba,PR
